lead_id_legacy,Customer Name,customer_email,Phone,project type,Estimated Value,Stage,created,last_updated,Rep,Source,Showroom,channel,won_date,lost_reason,quote_amount,quote_status,consult_date,notes,referrer,priority,zip,__imported_by,row_hash
L-1297,Raj  Brown,raj.brown@example.com ,(512) 555-503,WIC,"$12,900",W,2025-09-30,Oct 27 2025,Maria  Lopez,HOUZZ,ATX,web,2025-10-27,,"$12,900",sent,10/08/2025,follow up next week,,,78703,legacy_export_v3,
L-1267,Grace Reed,  grace.reed@example.com,(512) 555-116,garage,"5,350",lost,45914,10/08/2025,Maria  Lopez,houz,,,,went with competitor,"5,350",Sent,45917,,,3,77799,legacy_export_v3,
L-1343,"Cohen, Wei",wei.cohen@example.com,5125556102,Home office,5350.00,Closed Lost,"January 28, 2026",02/18/2026,Maria Lopz,REFERRAL,Austin,,,budget,"$5,350",accepted,2026-02-04,"called, left vm",,,77883,legacy_export_v3,
L-1259,LINDA JOHNSON,linda.johnson@example.com,(737) 555-257,WIC,"$11,150",L,10/27/2025,11/27/2025,Pria Shah ,houzz.com,web,web,,went with competitor,11150.00,sent,11/02/2025,follow up next week,,,73518,legacy_export_v3,
L-1134,Mei  Smith,mei.smith@example.com,(737) 555-786,garage system ,"$7,450",Won,2024-12-02,Dec 24 2024,P. Shah,showroom,web,,2024-12-24,,7450,accepted,12/10/2024,customer comparing quotes,,3,76471,legacy_export_v3,
L-1132,Wei  Okafor,wei.okafor@example.com,2135554865,garage,"$5,250",Closed Lost,45510,08/29/2024,D Carter,GoogleAds,Los Angeles,,,budget,5250.00,sent,2024-08-13,,,,75167,legacy_export_v3,
L-1218,Chris Lee,chris.lee@example.com,5125551024,Walk-in closet,"$11,200",Won,2025-03-22,"April 9, 2025",Maria Lopz,Google,austin,,Apr 9 2025,,11200.00,sent,03/26/2025,"called, left vm",,,76544,legacy_export_v3,
L-1226,Derek Dawson,DEREK.DAWSON@EXAMPLE.COM,213-555-0488,Office,"$5,350",lost,"June 18, 2025",Jul 7 2025,Devon Carter ,Google Ads,LA,,,budget,"$5,350",accepted,2025-06-21,,,,73969,legacy_export_v3,
L-1181,"Cohen, Linda",,213-555-0763,garage system,n/a,Dead,05/11/2026,05/27/2026,D Carter,houz,Los Angeles,web,,price,"$5,300",Sent,"May 14, 2026",,,,74735,legacy_export_v3,
L-1125,"Nguyen, Nicole",nicole.nguyen@example.com ,512-555-0494,Reach-in closet ,11750,lost,"January 10, 2025",2025-02-14,Maria Lopez ,GoogleAds,Austin,,,timing,"11,750",declined,2025-01-14,"called, left vm",,med,74696,legacy_export_v3,
L-1398,Nicole Lee,nicole.lee@example.com,214-555-0536,WIC ,12800,Win,07/22/2025,2025-08-16,Sam Okafr,Google Ads,DFW,,08/16/2025,,12800.00,Sent,07/27/2025,,,,78170,legacy_export_v3,
L-1075,Chris Brown,chris.brown@example.com,(512) 555-943,walkin ,0,lost,45786,05/28/2025,Maria Lopez,houz,austin,,,budget,"11,600",declined,05/16/2025,"called, left vm",,,78241,legacy_export_v3,
L-1284,Mike Patel,MIKE.PATEL@EXAMPLE.COM,,Reach-in closet,"$11,450",won,Jan 5 2026,02/02/2026,  M. Lopez,HOUZZ,ATX,web,02/02/2026,,11450,sent,01/12/2026,customer comparing quotes,,,78633,legacy_export_v3,
L-1327,Wei Cohen,  wei.cohen@example.com,5125557395,garage system,0,Closed Lost,2025-02-21,45733,maria lopez,Google,Austin,ad,,timing,"$5,550",,03/01/2025,,,,76429,legacy_export_v3,
L-1207,brian patel,brian.patel@example.com,5125551999,Office,n/a,L,06/23/2025,2025-07-21,  maria lopez,Walk-in,ATX,,,budget,"$4,950",accepted,"July 1, 2025",follow up next week,,,76106,legacy_export_v3,
L-9001,KEVIN TORRES,,737,WIC,13600,P. Shah,priya shah,Houzz.com ,Jan 10 2025,W,,,,,,,,shifted/garbled export row,,,,legacy_export_v3,xQ197
L-1253,CARLOS TORRES,,737-555-0203,Walk-in closet,"$10,950",won,03/31/2025,04/22/2025,  Pria Shah,HOUZZ,Online,,45769,,10950.00,sent,04/07/2025,follow up next week,,med,75208,legacy_export_v3,
L-1274,Amanda Lee,amanda.lee@example.com,512-555-0759,Kitchen Pantry ,"2,650",Quote,2026-04-09,Apr 21 2026,  Maria Lopz,Houzz.com ,austin,web,,,2650,Sent,04/12/2026,"called, left vm",,med,78189,legacy_export_v3,
L-1138,Tom Reed,tom.reed@example.com,737-555-0142,garage,"$6,300",lost,2025-09-29,2025-10-19,P. Shah ,insta,web,,,went with competitor,"$6,300",sent,10/07/2025,,,High,74854,legacy_export_v3,
L-1276,Linda Ahmed,LINDA.AHMED@EXAMPLE.COM,213-555-0620,Kitchen Pantry,n/a,Closed Lost,2024-07-07,07/31/2024,D Carter,Past Client Referral,Los Angeles,,,price,"$2,250",declined,Jul 10 2024,customer comparing quotes,,,74365,legacy_export_v3,
L-1059,Omar Hughes,  omar.hughes@example.com,(213) 555-081,  Garage Storage,"6,100",Won,2025-06-14,07/13/2025,Devon  Carter,houzz.com,Los Angeles,,07/13/2025,,6100.00,Sent,Jun 20 2025,"called, left vm",,,74694,legacy_export_v3,
L-1262,Tom Johnson,tom.johnson@example.com,(213) 555-977,Walk-in closet,"13,400",Won,Nov 16 2024,2024-12-07,Devon Carter,Instagram,la,,12/07/2024,,"$13,400",accepted,45618,,,,75868,legacy_export_v3,
L-1073,derek dawson,,(214) 555-192,Reach-in closet,"$13,200",consult,05/07/2026,2026-05-15,sam okafor,Referral,DFW,,,,,,2026-05-15,follow up next week,,,75409,legacy_export_v3,
L-1164,Wei Anderson,wei.anderson@example.com,737-555-0712,Walk-in closet,"$10,750",Dead,12/03/2024,2024-12-30,Priya Shah,houzz.com,Online,web,,price,"$10,750",sent,2024-12-11,"called, left vm",,,76443,legacy_export_v3,
L-1148,Hannah  Gupta,hannah.gupta@example.com ,(214) 555-735,Kitchen Pantry,3200,Closed Lost,"August 26, 2025",09/24/2025,Sam  Okafr,instagram,dallas,,,no response,3200.00,,"August 31, 2025",ready to buy,,,78762,legacy_export_v3,
L-1216, Fatima Ahmed ,fatima.ahmed@example.com,,  walkin,"11,450",L,2025-11-10,2025-12-07,sam okafor,houz,DFW,,,timing,n/a,Sent,11/16/2025,"called, left vm",,,77868,legacy_export_v3,
L-1293,ASHLEY KHAN,ashley.khan@example.com,214-555-0205,Walk-in closet,"$12,750",Closed Lost,11/18/2024,"December 21, 2024",Sam Okafr,referral - past client,DFW,referral,,went with competitor,"12,750",sent,2024-11-21,customer comparing quotes,,,78183,legacy_export_v3,
L-1021, Wei Garcia ,WEI.GARCIA@EXAMPLE.COM,(214) 555-323,garage ,0,lost,2024-10-31,2024-12-03,Sam Okafr ,Referral,,,,timing,"7,400",sent,2024-11-08,follow up next week,,3,78165,legacy_export_v3,
L-1111,Jessica Brown,jessica.brown@example.com ,(214) 555-738,Kitchen Pantry,"$2,650",W,02/20/2026,2026-03-10,Sam Okafr ,Insta,Dallas,,03/10/2026,,"$2,650",accepted,02/25/2026,ready to buy,,,77186,legacy_export_v3,
L-1270,"Brown, Omar",OMAR.BROWN@EXAMPLE.COM,(512) 555-387,garage,6650.00,won,2025-03-24,04/16/2025,  maria lopez,Showroom,ATX,showroom,04/16/2025,,"$6,650",sent,2025-03-28,,,,74596,legacy_export_v3,
L-1114,Grace Patel,grace.patel@example.com,(512) 555-202,home office ,$-465,Dead,12/28/2025,2026-01-15,M. Lopez,walk in,ATX,,,budget,6050,declined,2026-01-05,,,3,78016,legacy_export_v3,
L-1095,Mike Dawson,mike.dawson@example.com,213-555-0816,Walk-in closet,"11,250",Closed Won,03/19/2026,04/18/2026,D Carter ,google ads,,ad,2026-04-18,,"$11,250",sent,03/24/2026,customer comparing quotes,,3,76436,legacy_export_v3,
L-1241,John Okafor,JOHN.OKAFOR@EXAMPLE.COM,(737) 555-850,Pantry,$-592,Closed Lost,2026-01-11,02/09/2026,  priya shah,Insta,Online,ad,,,n/a,sent,01/16/2026,,,,78529,legacy_export_v3,
L-1162,chris anderson,chris.anderson@example.com,5125559626,Walk-in closet,"13,300",Inbound,2026-04-14,04/14/2026,  Maria  Lopez,walk in,austin,showroom,,,,,,,,,75898,legacy_export_v3,
L-1001,Tom Romano,TOM.ROMANO@EXAMPLE.COM,214-555-0596,  Office,"$6,000",W,Feb 12 2026,03/11/2026,Sam Okafor ,Houzz,dallas,,2026-03-11,,"$6,000",,2026-02-20,customer comparing quotes,,,77861,legacy_export_v3,
L-1192,Linda  Carter,linda.carter@example.com,512-555-0229,Kitchen Pantry,2850,Quoted,04/09/2026,04/20/2026,Maria Lopz,Google Ads,Austin,,,,"2,850",,2026-04-16,,,,77963,legacy_export_v3,
L-1019,Mike Carter,mike.carter@example.com,5125552551,  Reach-in closet,12050,W,02/13/2025,"March 8, 2025",M. Lopez,Houzz,ATX,web,45724,,12050,accepted,2025-02-17,follow up next week,,,78688,legacy_export_v3,
L-1129,Amanda Smith,amanda.smith@example.com,5125558354,Home Office,4400.00,W,10/11/2025,2025-10-31,maria lopez,houz,Austin,,Oct 31 2025,,4400.00,sent,2025-10-17,"called, left vm",,,74668,legacy_export_v3,
L-1158,RAJ HUGHES,raj.hughes@example.com,5125559912,  Reach-in closet,13600.00,Closed Won,2026-05-10,05/29/2026,maria lopez,Google Ads,ATX,ad,05/29/2026,,,,05/16/2026,,,High,78359,legacy_export_v3,
L-1068,Jessica  Williams,jessica.williams@example.com,,Reach-in closet,"12,450",Dead,2025-01-15,02/06/2025,sam okafor,instagram,DFW,,,budget,"12,450",sent,2025-01-18,follow up next week,,,73682,legacy_export_v3,
L-1328,Amanda Flores,  amanda.flores@example.com,(737) 555-236,Kitchen Pantry,-,Closed Lost,06/07/2025,Jul 8 2025,  Pria Shah,GoogleAds,web,ad,,,"2,950",sent,"June 12, 2025",,,med,73548,legacy_export_v3,
L-1116,"Garcia, Carlos",CARLOS.GARCIA@EXAMPLE.COM,(214) 555-441,Office,5200.00,quote,May 11 2026,46169,Sam Okafor,Google Ads,dallas,ad,,,"$5,200",sent,May 17 2026,,,,77161,legacy_export_v3,
L-1229,david gupta,,2145556701,Garage Storage,"$6,950",WON,2025-11-07,11/27/2025,sam  okafor,Past Client Referral,dallas,,11/27/2025,,"6,950",sent,2025-11-12,ready to buy,,,74779,legacy_export_v3,
L-1010,Mike Cohen,mike.cohen@example.com,(737) 555-965,home office,5250.00,WON,05/07/2025,2025-05-28,priya  shah,referral - past client,web,referral,2025-05-28,,"$5,250",sent,05/11/2025,follow up next week,,,75106,legacy_export_v3,
L-1099,John Ahmed,john.ahmed@example.com,(213) 555-867,home office,"$5,850",L,45981,12/06/2025,D Carter,walk in,Los Angeles,,,,"$5,850",,2025-11-27,ready to buy,,,75089,legacy_export_v3,
L-1220,chris williams,  chris.williams@example.com,2145558923,WIC,"$13,000",Closed Lost,12/05/2025,12/24/2025,Sam Okafor,Walk-in,DFW,showroom,,price,"$13,000",,"December 8, 2025",follow up next week,,3,77118,legacy_export_v3,
L-1094,Mei Mueller,mei.mueller@example.com,7375556517,garage  system,n/a,L,12/05/2025,2026-01-04,Priya Shah,Past Client Referral,web,,,,"6,650",declined,46001,customer comparing quotes,,High,75276,legacy_export_v3,
L-1397,chris ahmed,CHRIS.AHMED@EXAMPLE.COM,(214) 555-623,Reach-in closet,"$11,900",WON,02/07/2025,Feb 27 2025,S. Okafor,Houzz,dallas,,Feb 27 2025,,11900.00,accepted,02/11/2025,customer comparing quotes,,,74118,legacy_export_v3,
L-1304,Linda Reed,linda.reed@example.com,2145559393,Home office,n/a,Lost,45704,Mar 17 2025,  Sam Okafr,Referral,Dallas,referral,,budget,5850,,2025-02-22,,,,78295,legacy_export_v3,
L-1040,"Walsh, Emily",emily.walsh@example.com ,737-555-0322,garage system,n/a,lost,2025-09-20,"October 21, 2025",  Pria Shah,walk in,web,showroom,,no response,5900.00,accepted,2025-09-25,follow up next week,,,74617,legacy_export_v3,
L-1264,Mei Garcia,mei.garcia@example.com,(214) 555-503,  Kitchen Pantry,"$2,700",won,"June 20, 2025",45851,sam okafor,Houzz,dallas,,07/12/2025,,2700.00,accepted,45833,"called, left vm",,,73704,legacy_export_v3,
L-1252,Jessica Flores,JESSICA.FLORES@EXAMPLE.COM,2135553679,Home office,"$5,350",W,09/29/2025,2025-10-20,Devon  Carter,,la,,10/20/2025,,"$5,350",sent,10/05/2025,ready to buy,,med,74289,legacy_export_v3,
L-1238,Wei Cohen,wei.cohen@example.com,,Kitchen Pantry ,3300,Won,2025-05-09,2025-06-01,priya shah,Houzz.com ,online,,2025-06-01,,3300.00,,May 13 2025,"called, left vm",,,75361,legacy_export_v3,
L-1285,"Williams, Brian",brian.williams@example.com,737-555-0253,WIC,"$13,200",won,45651,01/23/2025,Priya  Shah,IG,web,,45680,,13200.00,sent,12/28/2024,follow up next week,,,77214,legacy_export_v3,
L-1196,"Brown, Chris",  chris.brown@example.com,2145556350,WIC,0,lost,12/14/2025,2026-01-11,Sam Okafr,Showroom Walk-in,dallas,,,went with competitor,,,12/22/2025,follow up next week,,,76299,legacy_export_v3,
L-1271,"Walsh, Derek",derek.walsh@example.com,(213) 555-580,  Garage,7150.00,Q,05/02/2026,"May 13, 2026",devon carter,IG,la,,,,7150,declined,46149,,,,76258,legacy_export_v3,
L-1288,Chris Walsh,chris.walsh@example.com,737-555-0895,garage system,6300,WON,2025-08-01,08/26/2025,Pria  Shah,houzz.com,online,,08/26/2025,,"6,300",sent,Aug 7 2025,,,,75897,legacy_export_v3,
L-1058,Sarah Smith,sarah.smith@example.com,2145554927,Walk  in Closet,"11,500",Won,45751,2025-05-03,sam okafor,insta,Dallas,,2025-05-03,,11500.00,sent,04/10/2025,"called, left vm",,,78264,legacy_export_v3,
L-1217,Grace Reed,grace.reed@example.com,2135551709,Reach-in closet,11350.00,Won,2024-09-01,45556,D Carter,Past Client Referral,LA,referral,2024-09-21,,11350.00,Sent,09/05/2024,ready to buy,,med,74415,legacy_export_v3,
L-1223,Kevin Romano,kevin.romano@example.com,2135557448,Reach-in closet,"$13,900",Win,01/13/2026,01/31/2026,Devon Carter,Google Ads,,ad,"January 31, 2026",,"$13,900",accepted,46038,follow up next week,,,75944,legacy_export_v3,
L-1387,"Lee, Chris",chris.lee@example.com,7375555282,Reach-in closet,12650.00,won,06/21/2025,2025-07-20,,GoogleAds,Online,,2025-07-20,,n/a,,06/25/2025,follow up next week,,,74439,legacy_export_v3,
L-1174,Fatima  Reed,  fatima.reed@example.com,5125551936,WIC,"12,300",consult,05/06/2026,2026-05-13,Maria Lopz ,houzz.com,Austin,,,,,,46156,follow up next week,,,78744,legacy_export_v3,
L-1015, Carlos Garcia ,,,Garage Storage,7600.00,WON,06/24/2025,2025-07-16,Sam Okafor,Google Ads,Dallas,ad,07/16/2025,,"7,600",accepted,2025-06-28,"called, left vm",,med,77319,legacy_export_v3,
L-1013, Wei Johnson ,wei.johnson@example.com,(512) 555-367,Garage Storage,"$6,100",lost,2026-02-24,03/28/2026,Maria Lopez,Referral,austin,,,price,"$6,100",accepted,2026-03-01,follow up next week,,,78628,legacy_export_v3,
L-1186,David Lee,david.lee@example.com,5125556789,Garage Storage,"7,000",Won,2025-06-08,07/01/2025,Maria Lopz,Instagram,,,07/01/2025,,"7,000",sent,06/13/2025,,,,78393,legacy_export_v3,
L-1185,KEVIN PATEL,n/a,(214) 555-712,walkin,"$11,150",Win,2026-03-09,03/27/2026,Sam Okafor,IG,dallas,ad,Mar 27 2026,,"$11,150",Sent,2026-03-16,"called, left vm",,,74467,legacy_export_v3,
L-1307,Derek Brown,n/a,7375556360,garage system,"$6,850",Closed Lost,2025-11-22,12/07/2025,priya shah,Houzz.com ,Online,,,went with competitor,n/a,sent,11/26/2025,customer comparing quotes,,,74968,legacy_export_v3,
L-1028,Wei Hughes,wei.hughes@example.com,2135554943,Reach-in closet,0,L,08/24/2025,"September 18, 2025",,houz,Los Angeles,,,went with competitor,13250,sent,2025-08-27,follow up next week,,,75386,legacy_export_v3,
L-1362, Nicole Cohen ,nicole.cohen@example.com ,(512) 555-508,pantry,n/a,Dead,"November 25, 2024",2024-12-12,maria lopez,houzz.com,ATX,web,,timing,3400.00,sent,"November 30, 2024",,,,78480,legacy_export_v3,
L-1357,Mike Romano,MIKE.ROMANO@EXAMPLE.COM ,(213) 555-969,Walk-in closet,11650,W,03/03/2026,Mar 30 2026,Devon Carter,REFERRAL,,referral,2026-03-30,,11650.00,sent,2026-03-07,,,med,76183,legacy_export_v3,
L-1156,BRIAN REED,brian.reed@example.com,737-555-0013,Garage Storage,"7,200",W,2025-12-14,"January 2, 2026",Priya Shah,Referral,Online,referral,46025,,"$7,200",declined,46013,follow up next week,,,73601,legacy_export_v3,
L-1204,carlos patel,carlos.patel@example.com,2145557476,Home office,,Lost,04/07/2026,"April 29, 2026",Sam Okafr,insta,dallas,,,no response,4300.00,declined,04/14/2026,,,,77761,legacy_export_v3,
L-1190,tom hughes,tom.hughes@example.com,512-555-0501,Kitchen Pantry,2950.00,Won,12/11/2025,01/05/2026,M. Lopez ,Past Client Referral,ATX,,2026-01-05,,2950,sent,12/19/2025,,,High,78421,legacy_export_v3,
L-1292,Derek Torres,derek.torres@example.com,213-555-0546,Garage,7100,won,2025-11-25,12/21/2025,Devon Carter,showroom,la,,2025-12-21,,7100,sent,"November 28, 2025","called, left vm",,,77859,legacy_export_v3,
L-1347,Chris Hughes,chris.hughes@example.com,737-555-0673,Walk in Closet,"$13,000",Closed Won,"August 29, 2025",45918,priya shah,houz,Online,,2025-09-18,,13000,sent,2025-09-05,,,,74077,legacy_export_v3,
L-1023,john dawson,,213-555-0033,walkin,13600.00,lost,03/15/2026,04/19/2026,Devon Carter ,houzz.com,LA,,,timing,"13,600",Sent,Mar 21 2026,,,,74285,legacy_export_v3,
L-1003,"Williams, Brian",BRIAN.WILLIAMS@EXAMPLE.COM,2135553908,garage system,7000.00,Closed Won,04/10/2026,05/01/2026,D Carter,houzz.com,Los Angeles,,May 1 2026,,n/a,sent,46129,follow up next week,,High,73966,legacy_export_v3,
L-1191,Sofia Khan,sofia.khan@example.com,5125551447,Garage Storage,6450.00,Proposal,2026-04-12,04/25/2026,Maria  Lopez,instagram,ATX,,,,,,2026-04-16,,,med,75244,legacy_export_v3,
L-1389, Amanda Park ,  AMANDA.PARK@EXAMPLE.COM,512-555-0482,pantry,"3,350",Closed Won,2024-10-29,11/18/2024,Maria Lopez ,Google Ads,Austin,ad,11/18/2024,,3350,accepted,11/04/2024,customer comparing quotes,,,74285,legacy_export_v3,
L-1203,David Park,david.park@example.com ,213-555-0967,garage system,7150.00,W,10/23/2024,2024-11-21,devon carter,showroom,Los Angeles,,45618,,7150,sent,Oct 31 2024,"called, left vm",,,77936,legacy_export_v3,
L-1313,Grace Lee,grace.lee@example.com,(512) 555-858,Garage,"$7,650",WON,2025-10-05,10/30/2025,Maria Lopz ,GoogleAds,Austin,ad,10/30/2025,,7650,accepted,2025-10-13,follow up next week,,High,73576,legacy_export_v3,
L-1156,"Reed, Brian",brian.reed@example.com,(737) 555 029,Garage Storage,"$7,200",WON,2025-12-14,01/02/2026,P. Shah,Referral,web,,2026-01-02,,"$7,200",sent,"December 21, 2025",,,med,77837,legacy_export_v3,
L-9000,David Williams,,213,garage system,5300,D Carter,D Carter,google ads,"June 18, 2025",Closed Won,,,,,,,,shifted/garbled export row,,,,legacy_export_v3,xQ971
L-1308,Jessica Johnson,jessica.johnson@example.com,214-555-0301,Walk-in closet,"$12,500",won,01/07/2025,2025-01-28,S. Okafor,showroom,DFW,,01/28/2025,,12500,sent,2025-01-11,,,,76049,legacy_export_v3,
L-1092,Sofia Walsh,  SOFIA.WALSH@EXAMPLE.COM,2135551173,Walk  in Closet,,L,07/01/2025,07/20/2025,Devon Carter,Adwords,la,,,no response,"$12,450",,2025-07-07,customer comparing quotes,,,76677,legacy_export_v3,
L-1176,Nicole Cohen,NICOLE.COHEN@EXAMPLE.COM,,Reach-in closet,13600,Closed Won,09/16/2024,"October 10, 2024",Devon Carter,REFERRAL,Los Angeles,referral,10/10/2024,,13600.00,accepted,09/22/2024,"called, left vm",,,73904,legacy_export_v3,
L-1289,John  Ahmed,john.ahmed@example.com,(737) 555 422,Home Office,,lost,2024-12-29,2025-01-20,Priya Shah,Insta,Online,ad,,budget,4350.00,,01/01/2025,"called, left vm",,,75532,legacy_export_v3,
L-1378,Brian Walsh,,,WIC,11400.00,Closed Lost,45882,2025-08-30,  Devon  Carter,Showroom,,,,timing,"$11,400",,08/19/2025,,,,76286,legacy_export_v3,
L-1152,Mike Johnson,mike.johnson@example.com ,2135559807,Pantry ,3000.00,W,08/24/2024,45548,Devon Carter ,instagram,,,45548,,3000,,Aug 28 2024,"called, left vm",,,74389,legacy_export_v3,
L-9003,Omar Reed,,213,garage system,"$5,300",D Carter,Devon Carter,houzz.com,Feb 12 2025,Closed Won,,,,,,,,shifted/garbled export row,,,,legacy_export_v3,xQ463
L-1234,David  Johnson,DAVID.JOHNSON@EXAMPLE.COM,213-555-0129,Pantry,2250,consult,46154,2026-05-19,Devon  Carter,Referral Past Client,LA,referral,,,,,05/19/2026,,,3,77786,legacy_export_v3,
L-1283,Nicole Mueller,nicole.mueller@example.com ,(512) 555-547,Reach-in closet,13800.00,Design Consult,46120,04/15/2026,Maria  Lopez ,Google,austin,,,,,,04/15/2026,"called, left vm",,,74286,legacy_export_v3,
L-1388,"Hughes, David",david.hughes@example.com ,2135555023,Reach-in closet ,"$11,750",Win,2025-02-21,2025-03-12,Devon  Carter,Adwords,LA,,2025-03-12,,"$11,750",,45713,follow up next week,,med,78135,legacy_export_v3,
L-1032,Jessica Reed,  jessica.reed@example.com,(512) 555 086,Kitchen Pantry,TBD,Dead,2025-04-08,04/26/2025,maria lopez,instagram,Austin,,,went with competitor,2250.00,sent,2025-04-14,"called, left vm",,,74172,legacy_export_v3,
L-1242,Tom Nguyen,tom.nguyen@example.com,2135553959,Walk in Closet,"12,500",WON,Jun 22 2025,45861,Devon Carter,houzz.com,LA,web,07/22/2025,,12500.00,,06/29/2025,,,,75253,legacy_export_v3,
L-1100,"Johnson, Tom",,,Walk in Closet,"$11,850",L,2025-11-19,12/10/2025,Devon  Carter,google ads,LA,ad,,went with competitor,n/a,Sent,45987,ready to buy,,,75794,legacy_export_v3,
L-1020,DEREK BROWN,derek.brown@example.com,2145553748,home office,"$4,700",Win,"January 28, 2025",45714,Sam Okafor,Google Ads,dallas,ad,2025-02-26,,4700.00,sent,2025-02-04,"called, left vm",,med,73611,legacy_export_v3,
L-1026,Carlos Johnson,carlos.johnson@example.com,(512) 555-106,Walk in Closet,"$13,350",Closed Won,2025-11-09,Dec 7 2025,Maria Lopez,GoogleAds,austin,,12/07/2025,,,,Nov 17 2025,ready to buy,,High,78390,legacy_export_v3,
L-1221,john walsh,john.walsh@example.com,7375557323,WIC,13450,lost,2026-02-15,46098,P. Shah,IG,online,,,no response,13450.00,sent,46077,"called, left vm",,,76050,legacy_export_v3,
L-1070,Jessica Johnson,jessica.johnson@example.com,737-555-0372,Garage Storage,"$5,850",lost,45861,"August 12, 2025",,Insta,Online,ad,,,5850.00,sent,2025-07-29,,,,77617,legacy_export_v3,
L-1200,John Park,john.park@example.com,(213) 555-694,Garage Storage,6750.00,lost,Nov 6 2025,Dec 11 2025,devon carter,houzz.com,Los Angeles,,,no response,6750.00,,2025-11-11,ready to buy,,,76282,legacy_export_v3,
L-1374,"Flores, Omar",omar.flores@example.com,214-555-0929,  garage,6600.00,Closed Won,12/16/2025,"January 7, 2026",S. Okafor,Houzz.com ,dallas,,46030,,6600,,2025-12-24,,,High,75527,legacy_export_v3,
L-1105,Omar Mueller,omar.mueller@example.com,512-555-0589,WIC,"$14,000",Dead,11/13/2025,12/05/2025,M. Lopez ,houzz.com,austin,web,,went with competitor,"14,000",Sent,11/20/2025,,,High,76340,legacy_export_v3,
L-1297,Raj  Brown,raj.brown@example.com ,5125554949,Walk in Closet,"$12,900",Won,09/30/2025,10/27/2025,Maria  Lopez,houz,ATX,web,10/27/2025,,"12,900",sent,10/08/2025,follow up next week,,3,78308,legacy_export_v3,
L-1197, Emily Nguyen ,emily.nguyen@example.com,737-555-0308,home office,,Lost,45804,2025-06-22,  Pria Shah,Houzz.com ,Online,,,timing,4200.00,declined,2025-05-31,,,,76188,legacy_export_v3,
L-1169,"Garcia, Brian",brian.garcia@example.com,(213) 555-813,pantry,"3,100",L,07/01/2025,07/17/2025,Devon  Carter,Adwords,Los Angeles,ad,,went with competitor,3100.00,sent,Jul 4 2025,ready to buy,,,76781,legacy_export_v3,
L-1290,David Walsh,david.walsh@example.com,(213) 555-701,pantry,,L,07/28/2024,2024-08-31,  Devon  Carter,Houzz.com ,LA,web,,,3000,Sent,08/05/2024,,,,75274,legacy_export_v3,
L-1279,Sarah Gupta,sarah.gupta@example.com ,(512) 555-278,Reach-in closet,"11,250",Won,10/21/2024,11/08/2024,maria lopez,referral - past client,ATX,,11/08/2024,,"$11,250",sent,45593,follow up next week,,3,77053,legacy_export_v3,
L-1052,"Smith, Tom",tom.smith@example.com,,Kitchen Pantry,"2,500",Lost,06/09/2024,07/01/2024,Priya Shah,google ads,online,,,price,2500,sent,45456,follow up next week,,High,77992,legacy_export_v3,
L-1355,"Carter, Omar",n/a,(512) 555-790,  pantry,2600.00,won,2025-07-27,"August 20, 2025",Maria Lopez,Showroom,Austin,,Aug 20 2025,,2600,sent,08/02/2025,follow up next week,,High,78135,legacy_export_v3,
L-1022,Mei Khan,mei.khan@example.com,,walkin,"13,900",Quote,2026-05-01,05/14/2026,sam okafor ,Google Ads,DFW,,,,"$13,900",accepted,05/05/2026,follow up next week,,,76687,legacy_export_v3,
L-1171,GRACE COHEN,  grace.cohen@example.com,213-555-0332,garage,"$7,150",Win,2025-11-26,12/16/2025,devon carter,walk in,la,showroom,12/16/2025,,"$7,150",accepted,12/03/2025,,,High,78665,legacy_export_v3,
L-1340,Mike Anderson,mike.anderson@example.com,213-555-0260,Reach-in closet,12200.00,Design Consult,05/16/2026,2026-05-22,D Carter,Referral,Los Angeles,referral,,,,,05/22/2026,,,med,77093,legacy_export_v3,
L-1366, Derek Anderson ,derek.anderson@example.com,(213) 555-575,garage system ,"$7,100",Won,2026-01-23,02/10/2026,Devon Carter,Walk-in,LA,,02/10/2026,,7100.00,declined,2026-01-28,,,,76182,legacy_export_v3,
L-1182,carlos gupta,CARLOS.GUPTA@EXAMPLE.COM,2135552438,WIC ,13050.00,W,2025-10-20,11/07/2025,D Carter,referral - past client,la,,11/07/2025,,"$13,050",sent,Oct 26 2025,"called, left vm",,,78017,legacy_export_v3,
L-1076,Hannah Park,hannah.park@example.com,(214) 555-333,Reach-in closet,"$13,600",won,2025-07-26,2025-08-25,S. Okafor,Houzz,dallas,web,Aug 25 2025,,"$13,600",Sent,07/30/2025,customer comparing quotes,,High,78761,legacy_export_v3,
L-1096,Carlos Johnson,CARLOS.JOHNSON@EXAMPLE.COM,7375555076,Garage Storage,7700,W,Jan 5 2026,Feb 4 2026,Pria Shah,houz,online,,"February 4, 2026",,"7,700",Sent,46035,"called, left vm",,3,76521,legacy_export_v3,
L-1305,MIKE OKAFOR,mike.okafor@example.com,214-555-0775,home office,4400,Closed Won,2025-11-20,Dec 13 2025,sam okafor,Houzz,dallas,,2025-12-13,,4400.00,accepted,11/26/2025,follow up next week,,,78763,legacy_export_v3,
L-1372,Sofia Mueller,n/a,(737) 555-762,walkin,"$12,750",won,2025-09-13,10/01/2025,  Priya Shah,Google,online,,45931,,"$12,750",Sent,09/17/2025,,,med,77446,legacy_export_v3,
L-1302,John  Carter,john.carter@example.com,(512) 555 140,pantry,"$2,850",won,02/09/2025,2025-03-08,Maria  Lopez,walk in,austin,,Mar 8 2025,,2850,accepted,02/16/2025,customer comparing quotes,,med,77013,legacy_export_v3,
L-1007, Linda Cohen ,  linda.cohen@example.com,,home office,4600.00,WON,2025-03-03,"March 27, 2025",D Carter,Referral,la,,Mar 27 2025,,"4,600",accepted,"March 10, 2025","called, left vm",,,77125,legacy_export_v3,
L-1201,Sarah Khan,sarah.khan@example.com,2145556214,home office ,6000,WON,2025-11-08,2025-11-27,sam okafor,Showroom Walk-in,Dallas,showroom,2025-11-27,,n/a,sent,2025-11-11,,,,76853,legacy_export_v3,
L-1142,Brian Cohen,BRIAN.COHEN@EXAMPLE.COM,213-555-0256,garage,"6,050",won,10/17/2025,2025-11-05,  Devon  Carter,insta,la,ad,2025-11-05,,"6,050",sent,10/20/2025,"called, left vm",,,76575,legacy_export_v3,
L-1244,Tom Patel,tom.patel@example.com,,Walk-in closet,13850.00,NEW,05/18/2026,05/18/2026,  Devon Carter,Showroom,la,showroom,,,,,,follow up next week,,,78092,legacy_export_v3,
L-1349,Carlos Hughes,CARLOS.HUGHES@EXAMPLE.COM,(512) 555-994,Walk in Closet,14050.00,Closed Lost,04/22/2025,45795,M. Lopez,houzz.com,Austin,,,no response,,,04/29/2025,,,,78243,legacy_export_v3,
L-1356,Grace Anderson,grace.anderson@example.com,2135558056,  Pantry,3150,lost,2026-01-25,2026-02-20,devon carter,Adwords,Los Angeles,,,no response,"3,150",declined,"January 30, 2026",follow up next week,,,75461,legacy_export_v3,
L-1235, John Gupta ,  john.gupta@example.com,(213) 555-001,Home office,5350,won,2024-06-02,06/29/2024,Devon  Carter,google ads,la,,08/15/2028,,,,06/06/2024,customer comparing quotes,,,77649,legacy_export_v3,
L-1016,Wei Brown,WEI.BROWN@EXAMPLE.COM,737-555-0840,garage,"$6,400",WON,12/30/2025,2026-01-22,Priya Shah,Referral Past Client,online,,2026-01-22,,"6,400",,"January 3, 2026","called, left vm",,,73852,legacy_export_v3,
L-1081,Brian Park,BRIAN.PARK@EXAMPLE.COM,2135557129,Walk-in closet,"$14,100",L,01/06/2026,2026-02-08,devon carter,Google Ads,Los Angeles,ad,,went with competitor,14100,sent,01/09/2026,,,,75530,legacy_export_v3,
L-1002,KEVIN CARTER,,(512) 555-603,garage,"$7,500",WON,12/24/2025,2026-01-15,Maria Lopz,Walk-in,ATX,showroom,2026-01-15,,,,2025-12-31,"called, left vm",,,76190,legacy_export_v3,
L-1104,"Carter, Grace",grace.carter@example.com,,Garage,n/a,Lost,2026-02-27,Mar 30 2026,,Houzz.com ,dallas,,,price,6700,sent,03/06/2026,,,,75975,legacy_export_v3,
L-1036,"Carter, Grace",GRACE.CARTER@EXAMPLE.COM,(512) 555-184,Kitchen Pantry,"$-1,391",Dead,2025-11-21,46008,Maria Lopez,REFERRAL,Austin,referral,,budget,2550,declined,11/28/2025,follow up next week,,,77970,legacy_export_v3,
L-1317,emily romano,emily.romano@example.com,,Walk in Closet,"$13,250",Won,12/31/2025,46046,Maria  Lopez,google ads,Austin,,01/23/2026,,"$13,250",Sent,2026-01-06,,,High,73630,legacy_export_v3,
L-1136,Mike Ahmed,MIKE.AHMED@EXAMPLE.COM,2135559960,Walk-in closet,TBD,Lost,01/13/2026,2026-01-30,Devon   Carter,Walk-in,,showroom,,went with competitor,"14,050",sent,Jan 16 2026,ready to buy,,High,76942,legacy_export_v3,
L-1321,Jessica Ahmed,,512-555-0045,garage,"$7,550",Lost,02/12/2026,"March 6, 2026",Maria  Lopez,HOUZZ,Austin,,,,,,"February 20, 2026",,,,75193,legacy_export_v3,
L-9002,"Ahmed, Brian",,213,Walk-in closet,"$14,000",Devon  Carter,Devon  Carter,showroom,07/31/2024,WON,,,,,,,,shifted/garbled export row,,,,legacy_export_v3,xQ943
L-1061,"Dawson, Nicole",  nicole.dawson@example.com,737-555-0899,  Pantry,"2,900",Won,"September 12, 2025",45935,Pria Shah,,Online,showroom,10/27/2028,,"$2,900",sent,2025-09-20,ready to buy,,,74100,legacy_export_v3,
L-1050,Ashley Gupta,ashley.gupta@example.com,,home office,6050,W,02/23/2026,46102,devon carter,Referral Past Client,la,,46102,,"6,050",sent,03/01/2026,"called, left vm",,,75434,legacy_export_v3,
L-1282,"Torres, Raj",,214-555-0217,  Pantry,"2,300",WON,2025-03-22,2025-04-18,  sam okafor,Past Client Referral,DFW,,04/18/2025,,"$2,300",sent,2025-03-25,follow up next week,,,78456,legacy_export_v3,
L-1083,Sofia Reed,sofia.reed@example.com,2145557142,Reach-in  closet,11250.00,WON,06/04/2024,2024-06-22,  Sam Okafr,walk in,Dallas,,06/22/2024,,"$11,250",accepted,06/12/2024,"called, left vm",,,74490,legacy_export_v3,
L-1126,Linda Torres,LINDA.TORRES@EXAMPLE.COM,5125554795,WIC,12300.00,W,03/15/2025,04/12/2025,M. Lopez,google ads,austin,ad,2025-04-12,,"$12,300",Sent,03/20/2025,"called, left vm",,med,73869,legacy_export_v3,
L-1108,Nicole Okafor,nicole.okafor@example.com,7375558027,  Reach-in closet,10850.00,L,45646,2025-01-23,priya shah,walk in,online,,,,10850.00,,2024-12-26,ready to buy,,,74691,legacy_export_v3,
L-1219,john dawson,john.dawson@example.com,,Office,"5,750",Win,2025-12-01,2025-12-31,Maria Lopz,instagram,ATX,,46022,,"$5,750",Sent,12/05/2025,,,,77569,legacy_export_v3,
L-1213,"Cohen, Sofia",sofia.cohen@example.com,213-555-0614,pantry,3300,Lost,03/12/2026,2026-04-06,D Carter,Houzz.com ,LA,,,no response,"$3,300",,2026-03-19,,,,73868,legacy_export_v3,
L-1232,"Park, John",n/a,(737) 555 520,Walk in Closet,"11,150",Won,10/10/2025,2025-11-09,priya shah,Past Client Referral,Online,referral,2025-11-09,,"11,150",sent,"October 15, 2025",follow up next week,,,74310,legacy_export_v3,
L-1295,Wei Flores,wei.flores@example.com ,,WIC,"13,650",WON,03/19/2026,04/15/2026,S.  Okafor,walk in,DFW,,2026-04-15,,"13,650",sent,03/24/2026,customer comparing quotes,,,75978,legacy_export_v3,
L-1155, David Patel ,  david.patel@example.com,(213) 555 551,Home office,4250,Dead,45879,2025-08-25,Devon Carter,Insta,LA,,,price,4250,sent,2025-08-17,follow up next week,,med,74173,legacy_export_v3,
L-1359,Emily Gupta,emily.gupta@example.com,,garage system,"$6,650",L,"June 14, 2025",06/30/2025,D Carter ,google ads,la,,,timing,"6,650",,2025-06-19,follow up next week,,,73359,legacy_export_v3,
L-1045,BRIAN AHMED,brian.ahmed@example.com ,(213) 555-169,  walkin,"$14,000",Won,"July 31, 2024",08/29/2024,Devon Carter,Walk-in,Los Angeles,,2024-08-29,,"14,000",sent,"August 8, 2024",ready to buy,,,74250,legacy_export_v3,
L-1090,Kevin Nguyen,  kevin.nguyen@example.com,,Reach-in closet,10950.00,won,46095,2026-04-04,priya shah,Google,web,ad,2026-04-04,,10950.00,declined,2026-03-19,follow up next week,,,73673,legacy_export_v3,
L-1350,Hannah Flores,hannah.flores@example.com,2145554011,garage,6100,Win,2025-07-02,07/26/2025,Sam Okafor,Instagram,dallas,ad,07/26/2025,,"6,100",Sent,45847,ready to buy,,med,76286,legacy_export_v3,
L-1141,FATIMA TORRES,fatima.torres@example.com,214-555-0021,pantry,"$3,400",Dead,"October 19, 2024",Nov 8 2024,S.  Okafor,Referral Past Client,Dallas,,,no response,"$3,400",Sent,10/26/2024,,,,77785,legacy_export_v3,
L-1248,"Romano, Amanda",amanda.romano@example.com ,512-555-0327,Reach-in closet ,"11,500",Lost,2024-12-12,"January 16, 2025",maria lopez,Google Ads,ATX,ad,,budget,11500,accepted,2024-12-16,,,3,74925,legacy_export_v3,
L-1383,Omar Hughes,omar.hughes@example.com,(512) 555-066,Walk in Closet,n/a,Dead,45974,46003,M. Lopez,Adwords,ATX,ad,,no response,12300,sent,11/21/2025,follow up next week,,,78305,legacy_export_v3,
L-1053,"Cohen, Nicole",  nicole.cohen@example.com,213-555-0693,Garage Storage,"7,200",L,2025-07-06,08/05/2025,Devon  Carter,Referral Past Client,LA,referral,,price,"$7,200",Sent,45849,follow up next week,,,73784,legacy_export_v3,
L-1071,Omar Williams,omar.williams@example.com,512-555-0682,pantry ,0,Lost,07/29/2025,2025-08-17,,HOUZZ,Austin,web,,,,,"August 3, 2025",,,,78429,legacy_export_v3,
L-1149,Hannah Garcia,hannah.garcia@example.com,214-555-0861,Garage,"$6,300",Win,Mar 10 2026,04/01/2026,  Sam Okafr,Houzz.com ,dallas,,"April 1, 2026",,"$6,300",accepted,Mar 14 2026,customer comparing quotes,,,74396,legacy_export_v3,
L-1227,John  Torres,  john.torres@example.com,(214) 555-010,Garage,"$7,150",lost,Jun 2 2025,2025-06-29,Sam Okafr,Adwords,dallas,ad,,budget,n/a,sent,2025-06-08,,,,78138,legacy_export_v3,
L-1315,omar flores,omar.flores@example.com,(214) 555-521,Walk-in closet,"11,950",W,2024-06-24,"July 24, 2024",  S. Okafor,HOUZZ,DFW,web,45498,,"$11,950",accepted,2024-07-02,,,med,75108,legacy_export_v3,
L-1303,"Walsh, Chris",chris.walsh@example.com,214-555-0636,Reach-in closet,"$12,100",Lost,Mar 7 2026,04/07/2026,  sam okafor,Google,DFW,,,no response,"$12,100",Sent,03/10/2026,"called, left vm",,,73435,legacy_export_v3,
L-1161,Mike Smith,mike.smith@example.com ,512-555-0718,  Walk in Closet,"$11,900",Design Consult,05/11/2026,2026-05-14,maria lopez ,Google Ads,austin,ad,,,,,46156,"called, left vm",,,76432,legacy_export_v3,
L-1168,Mike Flores,mike.flores@example.com,(512) 555-697,garage system,"$7,000",Closed Won,2025-10-18,11/16/2025,Maria  Lopez ,Past Client Referral,Austin,,45978,,7000.00,,10/23/2025,customer comparing quotes,,,73397,legacy_export_v3,
L-1382,Omar  Reed,omar.reed@example.com,,garage ,5300.00,Win,02/12/2025,2025-03-07,D Carter,Houzz.com ,Los Angeles,,Mar 7 2025,,"$5,300",sent,02/20/2025,,,med,73568,legacy_export_v3,
L-1296,Carlos Brown,CARLOS.BROWN@EXAMPLE.COM ,(512) 555-647,  garage system,"$7,300",Closed Won,46128,05/13/2026,  Maria  Lopez,Instagram,ATX,ad,05/13/2026,,"7,300",Sent,04/21/2026,,,,78696,legacy_export_v3,
L-1256,kevin walsh,kevin.walsh@example.com,213-555-0353,Garage Storage ,"6,350",won,"July 6, 2025",07/25/2025,devon carter,HOUZZ,Los Angeles,,45863,,6350,Sent,07/11/2025,,,,76019,legacy_export_v3,
L-1245,LINDA OKAFOR,linda.okafor@example.com ,5125555849,Garage,"6,700",won,45770,2025-05-20,Maria Lopz,Showroom Walk-in,Austin,,05/20/2025,,6700.00,,"April 30, 2025",customer comparing quotes,,,76359,legacy_export_v3,
L-1386,Wei  Lee,wei.lee@example.com,,Pantry,n/a,lost,01/08/2026,"February 12, 2026",  maria lopez,Past Client Referral,Austin,,,price,3100.00,,01/11/2026,customer comparing quotes,,med,78789,legacy_export_v3,
L-1033,Ashley Smith,ashley.smith@example.com,213-555-0789,Walk in Closet,,L,2026-02-05,02/23/2026,D Carter,Walk-in,la,,,no response,10900.00,Sent,02/09/2026,"called, left vm",,,74145,legacy_export_v3,
L-1237,"Anderson, Mei",mei.anderson@example.com,737-555-0203,Kitchen Pantry,2500,Closed Lost,09/30/2024,2024-10-16,Priya Shah,referral - past client,online,referral,,price,2500,declined,10/03/2024,,,,77576,legacy_export_v3,
L-1128,Hannah Khan,hannah.khan@example.com ,213-555-0691,  Home office,"$4,300",WON,"November 2, 2024",12/02/2024,Devon  Carter,IG,la,ad,45628,,"4,300",declined,45605,"called, left vm",,,75436,legacy_export_v3,
L-1364,Mei  Khan,  MEI.KHAN@EXAMPLE.COM,213-555-0396,garage,"$6,100",Closed Lost,2024-11-10,Nov 25 2024,Devon  Carter ,REFERRAL,LA,referral,,,"$6,100",declined,45613,ready to buy,,,78581,legacy_export_v3,
L-1042,"Mueller, Brian",brian.mueller@example.com ,,Kitchen Pantry,"3,100",won,01/16/2026,02/04/2026,priya shah,Referral Past Client,online,referral,46057,,,,"January 21, 2026",,,,77790,legacy_export_v3,
L-1170,Carlos Smith,carlos.smith@example.com,(737) 555 636,Walk in Closet,14150.00,Closed Won,"July 16, 2025",08/13/2025,  Pria Shah,HOUZZ,,,08/13/2025,,"$14,150",Sent,2025-07-21,"called, left vm",,,78530,legacy_export_v3,
L-1368,Linda Brown,LINDA.BROWN@EXAMPLE.COM,,  Garage,6900.00,Dead,05/07/2025,2025-06-08,  S. Okafor,Past Client Referral,Dallas,,,timing,6900.00,accepted,2025-05-14,"called, left vm",,,74156,legacy_export_v3,
L-1055,John Park,john.park@example.com,737-555-0313,Kitchen Pantry ,"$2,550",Closed Won,07/15/2024,2024-08-13,priya  shah,Houzz,web,web,45517,,"$2,550",sent,07/18/2024,customer comparing quotes,,High,76782,legacy_export_v3,
L-1130,Kevin Anderson,kevin.anderson@example.com ,214-555-0133,Reach-in  closet,0,L,12/24/2024,01/13/2025,S. Okafor,GoogleAds,Dallas,ad,,,"$12,100",,2024-12-30,"called, left vm",,med,77811,legacy_export_v3,
L-1077,Ashley Walsh,ashley.walsh@example.com,512-555-0907,Garage,"6,600",L,2025-09-28,2025-10-21,M. Lopez ,google ads,Austin,,,no response,6600,Sent,10/02/2025,,,,75750,legacy_export_v3,
L-1228,Chris Cohen,n/a,5125558081,Garage Storage,6600,WON,03/18/2026,2026-04-14,  maria lopez,Showroom Walk-in,,showroom,04/14/2026,,"6,600",Sent,03/24/2026,follow up next week,,,75233,legacy_export_v3,
L-1370,Kevin  Patel,kevin.patel@example.com,214-555-0683,WIC,"$13,000",Lost,2026-02-24,2026-03-15,Sam Okafor,houz,DFW,,,no response,"13,000",sent,2026-02-27,follow up next week,,,74351,legacy_export_v3,
L-1251, Nicole Gupta ,,2145553099,  Office,4950.00,Lost,2025-11-04,"November 21, 2025",Sam Okafor,GoogleAds,DFW,,,,"$4,950",sent,11/11/2025,"called, left vm",,,78167,legacy_export_v3,
L-1159,Derek Anderson,derek.anderson@example.com,737-555-0261,garage,"$6,150",W,2025-05-11,06/07/2025,Priya Shah,Houzz.com ,online,,06/07/2025,,6150.00,accepted,05/19/2025,,,med,75416,legacy_export_v3,
L-1051,Nicole Flores,  nicole.flores@example.com,,Home office,"$5,300",Win,02/09/2025,03/04/2025,Maria  Lopez ,REFERRAL,austin,referral,Mar 4 2025,,5300,accepted,2025-02-16,"called, left vm",,High,77153,legacy_export_v3,
L-1395,Wei Smith,  wei.smith@example.com,737-555-0710,  Home office,"4,000",Closed Lost,2025-07-31,2025-08-31,Pria Shah ,walk in,online,,,no response,4000,,2025-08-04,"called, left vm",,,74736,legacy_export_v3,
L-1027, David Ahmed ,n/a,(512) 555-391,Walk in Closet ,"$11,050",WON,01/12/2025,02/02/2025,maria lopez,Referral Past Client,ATX,,02/02/2025,,11050,Sent,2025-01-18,,,,74841,legacy_export_v3,
L-1179,Raj Khan,  raj.khan@example.com,2145556790,Kitchen Pantry,$-227,Lost,08/30/2025,2025-10-01,  Sam Okafor,Houzz.com ,dallas,web,,budget,3200.00,,2025-09-07,,,,73487,legacy_export_v3,
L-1399,"Smith, Linda",LINDA.SMITH@EXAMPLE.COM,2145557341,  Office,5050.00,Closed Lost,2026-03-17,46131,  S. Okafor,insta,Dallas,ad,,no response,"$5,050",sent,03/20/2026,,,High,77726,legacy_export_v3,
L-1348,Chris Walsh,chris.walsh@example.com,2145559542,Pantry,2250.00,Quoted,"April 26, 2026",46154,Sam Okafr,REFERRAL,Dallas,referral,,,"$2,250",Sent,May 2 2026,,,,77247,legacy_export_v3,
L-1280,MIKE TORRES,,512-555-0863,Walk  in Closet,"11,250",Dead,2025-11-15,2025-11-30,Maria  Lopez,IG,ATX,ad,,budget,"11,250",sent,11/22/2025,ready to buy,,,77356,legacy_export_v3,
L-1037,Mei Mueller,mei.mueller@example.com,(214) 555-201,Home Office,n/a,lost,Nov 4 2025,45984,sam okafor,Showroom Walk-in,Dallas,showroom,,went with competitor,"$4,200",Sent,11/08/2025,follow up next week,,,77109,legacy_export_v3,
L-1275,Sofia Anderson,sofia.anderson@example.com,213-555-0024,Reach-in closet ,"$13,250",Quote,2026-05-01,05/14/2026,devon carter,Adwords,LA,ad,,,13250.00,accepted,2026-05-08,,,,75945,legacy_export_v3,
L-1322,"Romano, Emily",emily.romano@example.com ,512-555-0978,walkin ,,L,45662,2025-01-30,Maria Lopz ,Referral Past Client,ATX,referral,,no response,"$13,000",sent,01/09/2025,,,med,74031,legacy_export_v3,
L-1342,"Anderson, Amanda",amanda.anderson@example.com,214-555-0521,Kitchen Pantry,"$2,350",Closed Won,"December 25, 2024",01/19/2025,sam okafor,walk in,dallas,showroom,01/19/2025,,2350.00,accepted,01/01/2025,,,,75003,legacy_export_v3,
L-1225,kevin torres,kevin.torres@example.com,737-555-0369,  Walk in Closet,"$13,600",Closed Won,01/10/2025,02/08/2025,Priya Shah,Houzz,online,web,2025-02-08,,13600,Sent,2025-01-16,,,,76743,legacy_export_v3,
L-1326,Wei Brown,,2145559423,pantry,"$2,650",Lost,12/26/2025,"January 28, 2026",S. Okafor,GoogleAds,Dallas,ad,,budget,"$2,650",Sent,Dec 31 2025,follow up next week,,,76398,legacy_export_v3,
L-1154,Mei  Anderson,mei.anderson@example.com,(214) 555-319,home office ,"5,050",Win,01/06/2026,01/31/2026,S. Okafor ,Google Ads,dallas,,2026-01-31,,5050,sent,2026-01-11,follow up next week,,,73856,legacy_export_v3,
L-1118,DEREK MUELLER,DEREK.MUELLER@EXAMPLE.COM,(512) 555-482,walkin,"11,800",W,01/25/2026,2026-02-16,Maria Lopez,Houzz,Austin,,2026-02-16,,"$11,800",sent,Jan 29 2026,follow up next week,,med,75604,legacy_export_v3,
L-1122,hannah okafor,  hannah.okafor@example.com,737-555-0860,  Garage Storage,"$7,300",Dead,03/15/2026,04/13/2026,Pria Shah,google ads,Online,,,budget,"$7,300",sent,2026-03-20,"called, left vm",,,75370,legacy_export_v3,
L-1127,Derek Walsh,DEREK.WALSH@EXAMPLE.COM,213-555-0751,Garage Storage ,"7,550",WON,07/11/2025,Aug 9 2025,Devon Carter,Adwords,LA,,2025-08-09,,7550,,Jul 18 2025,"called, left vm",,med,75899,legacy_export_v3,
L-1265, Nicole Carter ,nicole.carter@example.com,5125554827,Home office,5600.00,lost,2024-09-20,10/10/2024,Maria  Lopez,GoogleAds,Austin,,,no response,"$5,600",declined,2024-09-24,,,,77617,legacy_export_v3,
L-1088,OMAR NGUYEN,omar.nguyen@example.com,512-555-0790,Walk-in closet,"13,350",Lost,45832,07/26/2025,Maria Lopez,Showroom Walk-in,Austin,,,went with competitor,"13,350",sent,06/26/2025,ready to buy,,3,76237,legacy_export_v3,
L-1061,Nicole Dawson,nicole.dawson@example.com,737-555-0037,Kitchen Pantry,"2,900",Win,Sep 12 2025,2025-10-05,Pria Shah,Yelp,web,,10/05/2025,,2900,sent,Sep 20 2025,follow up next week,,,74219,legacy_export_v3,
L-1193,Omar Brown,omar.brown@example.com,2135553419,  Walk in Closet,13750,Lost,05/06/2026,06/03/2026,devon carter,Google,LA,,,budget,"$13,750",sent,46155,,,,74351,legacy_export_v3,
L-1379,Ashley Romano,ASHLEY.ROMANO@EXAMPLE.COM,(213) 555 676,Garage Storage,"$7,150",won,45507,"August 29, 2024",D Carter,Past Client Referral,LA,referral,"August 29, 2024",,7150.00,,08/08/2024,,,,76255,legacy_export_v3,
L-1101, Sofia Garcia ,sofia.garcia@example.com,(737) 555 179,Walk  in Closet,"10,800",Win,2025-06-05,45833,P. Shah,Instagram,online,ad,2025-06-25,,"$10,800",declined,"June 12, 2025","called, left vm",,,77591,legacy_export_v3,
L-1062,Wei Okafor,wei.okafor@example.com ,7375558123,pantry,"$3,250",Win,2025-08-23,45913,Priya Shah,insta,online,,2025-09-12,,"$3,250",accepted,2025-08-28,follow up next week,,,74569,legacy_export_v3,
L-1269,"Gupta, Kevin",  kevin.gupta@example.com,(214) 555 217,Kitchen Pantry,"$2,250",W,Oct 31 2024,11/22/2024,S. Okafor,Google,Dallas,,11/22/2024,,,,45602,customer comparing quotes,,,76048,legacy_export_v3,
L-1262,Tom  Johnson,tom.johnson@example.com,213-555-0367,Walk  in Closet,"13,400",Win,11/16/2024,45634,devon carter ,Instagram,LA,ad,2024-12-07,,13400.00,Sent,2024-11-21,follow up next week,,,77912,legacy_export_v3,
L-1072, Chris Hughes ,  chris.hughes@example.com,(512) 555 463,Walk in Closet,"$-1,408",L,10/13/2025,Nov 12 2025,Maria Lopz ,GoogleAds,Austin,,,price,11300.00,,Oct 21 2025,"called, left vm",,,77970,legacy_export_v3,
L-1396,"Anderson, Amanda",amanda.anderson@example.com,(512) 555-022,Walk-in closet,13950.00,Consult,05/16/2026,"May 23, 2026",Maria  Lopez,houz,ATX,,,,,,05/23/2026,customer comparing quotes,,med,74769,legacy_export_v3,
L-1287,derek torres,derek.torres@example.com,(213) 555-022,Reach-in closet,12900,won,04/04/2025,2025-04-27,Devon  Carter,houz,LA,,2025-04-27,,,,04/09/2025,customer comparing quotes,,,77258,legacy_export_v3,
L-1314,Sofia  Anderson,sofia.anderson@example.com,(213) 555-394,Pantry,3200.00,Win,2026-01-19,02/11/2026,Devon Carter,Adwords,Los Angeles,,02/11/2026,,3200,Sent,46044,ready to buy,,High,75357,legacy_export_v3,
L-1369,Ashley Flores,ashley.flores@example.com,(737) 555-623,Garage,6650.00,Closed Won,"January 14, 2026",02/02/2026,Priya Shah ,Past Client Referral,Online,,2026-02-02,,6650,,46044,"called, left vm",,med,77129,legacy_export_v3,
L-1318,"Brown, Raj",raj.brown@example.com,(512) 555 367,Walk in Closet,,Closed Lost,2026-02-01,2026-02-23,  Maria Lopez,houz,ATX,,,went with competitor,"13,300",sent,46059,,,,75705,legacy_export_v3,
L-1336,"Williams, Tom",  tom.williams@example.com,,walkin ,"$14,150",Closed Won,2025-07-31,45897,Maria Lopz,Google,ATX,,45897,,14150.00,declined,08/04/2025,customer comparing quotes,,High,76483,legacy_export_v3,
L-1008, Carlos Carter ,,(214) 555-210,Home office,4600.00,Win,12/23/2025,2026-01-13,sam okafor,Showroom Walk-in,DFW,,2026-01-13,,"4,600",Sent,2025-12-29,,,,75142,legacy_export_v3,
L-1307,Derek Brown,n/a,737-555-0792,Garage Storage,0,lost,11/22/2025,12/07/2025,P. Shah,HOUZZ,web,,,price,"6,850",declined,11/26/2025,,,,77092,legacy_export_v3,
L-1332,Mei Park,mei.park@example.com ,,Walk-in closet,n/a,Dead,10/08/2025,"November 6, 2025",P. Shah,Showroom Walk-in,online,showroom,,no response,,,10/11/2025,,,,77053,legacy_export_v3,
L-1184,NICOLE FLORES,nicole.flores@example.com,512-555-0533,  WIC,"$14,150",Closed Won,2025-07-22,08/15/2025,Maria  Lopez ,Referral,Austin,referral,2025-08-15,,"14,150",sent,07/27/2025,,,,76511,legacy_export_v3,
L-1082,chris smith,chris.smith@example.com ,737-555-0157,home office,4050.00,Closed Won,01/04/2026,2026-02-01,Priya Shah,Google Ads,web,,2026-02-01,,"$4,050",accepted,01/10/2026,,,,74650,legacy_export_v3,
L-1172,Carlos  Romano,n/a,213-555-0084,walkin,11600.00,W,01/17/2026,02/10/2026,devon carter,Houzz,la,web,2026-02-10,,"11,600",sent,01/22/2026,follow up next week,,,75406,legacy_export_v3,
L-1333,Fatima Okafor,fatima.okafor@example.com ,(214) 555 692,Garage Storage,"$6,550",Q,46122,04/25/2026,S. Okafor,houzz.com,DFW,web,,,"6,550",,04/16/2026,ready to buy,,,73779,legacy_export_v3,
L-1286, John Khan ,john.khan@example.com,(213) 555-869,pantry ,"$2,650",Won,45589,11/21/2024,  Devon Carter,Adwords,la,ad,45618,,n/a,sent,45597,customer comparing quotes,,,74259,legacy_export_v3,
L-1291,"Cohen, Fatima",fatima.cohen@example.com,(214) 555 063,Pantry ,2750,Design Consult,2026-04-29,May 3 2026,Sam Okafr ,Google,Dallas,,,,,,05/03/2026,ready to buy,,,78267,legacy_export_v3,
L-1375,DAVID ROMANO,david.romano@example.com,,Office,"$5,550",WON,01/08/2025,02/01/2025,sam okafor,walk in,dallas,,2025-02-01,,"$5,550",Sent,2025-01-12,customer comparing quotes,,,78403,legacy_export_v3,
L-1106,nicole flores,nicole.flores@example.com ,512-555-0348,garage system,"7,000",Dead,2025-11-03,2025-11-27,Maria  Lopez,Adwords,ATX,ad,,,"$7,000",,11/11/2025,customer comparing quotes,,,76293,legacy_export_v3,
L-1110,"Anderson, Linda",linda.anderson@example.com,2135557291,WIC,11750,Closed Won,08/22/2024,09/16/2024,Devon Carter ,Referral,LA,,09/16/2024,,"11,750",accepted,2024-08-29,,,,75772,legacy_export_v3,
L-1212,Mei Lee,mei.lee@example.com ,2145552493,Office,,Dead,07/24/2025,08/27/2025,Sam Okafor ,HOUZZ,DFW,web,,price,"$5,300",sent,07/31/2025,follow up next week,,,74818,legacy_export_v3,
L-1338, Grace Dawson ,grace.dawson@example.com,512-555-0459,Garage Storage,"$7,300",won,"September 19, 2025",10/13/2025,Maria  Lopez ,instagram,Austin,ad,45943,,"$7,300",sent,45925,,,,76600,legacy_export_v3,
L-1018,Mei Romano,mei.romano@example.com,2145557262,Pantry,2550.00,WON,"September 3, 2024",09/29/2024,sam okafor,REFERRAL,dallas,,09/29/2024,,2550.00,declined,09/08/2024,,,,77857,legacy_export_v3,
L-1353,Tom  Gupta,,(213) 555-691,Home Office,"$5,800",Closed Won,2025-08-23,09/20/2025,Devon  Carter,Referral,la,,Sep 20 2025,,"$5,800",sent,08/28/2025,customer comparing quotes,,,76461,legacy_export_v3,
L-1272,Derek Patel,derek.patel@example.com,512-555-0523,Reach-in  closet,11750,Win,2026-02-02,02/28/2026,Maria Lopez ,IG,ATX,,2026-02-28,,"$11,750",,02/05/2026,follow up next week,,,74491,legacy_export_v3,
L-1394,Mike Dawson,mike.dawson@example.com,2135555871,Kitchen Pantry,3350.00,W,Feb 8 2026,03/02/2026,D Carter,Referral,LA,,2026-03-02,,"3,350",,"February 13, 2026",customer comparing quotes,,3,78732,legacy_export_v3,
L-1306,"Reed, John",  john.reed@example.com,(512) 555 936,Reach-in closet ,,Dead,10/11/2025,11/13/2025,Maria  Lopez ,showroom,ATX,showroom,,went with competitor,"$10,850",declined,10/18/2025,,,,77079,legacy_export_v3,
L-1341,Carlos Dawson,CARLOS.DAWSON@EXAMPLE.COM,737-555-0550,walkin,11700,Closed Won,2024-10-11,"November 7, 2024",P. Shah,Instagram,,,11/07/2024,,"11,700",sent,2024-10-15,,,,78324,legacy_export_v3,
L-1247,Kevin Flores,kevin.flores@example.com,214-555-0495,Walk-in closet,"$11,900",won,2026-05-12,2026-06-07,sam okafor ,HOUZZ,dallas,,2026-06-07,,"$11,900",sent,05/15/2026,"called, left vm",,,77169,legacy_export_v3,
L-1014,Ashley Nguyen,ashley.nguyen@example.com,737-555-0610,Pantry,"$2,600",WON,05/06/2025,05/24/2025,P. Shah,Google Ads,,ad,2025-05-24,,"2,600",,2025-05-09,,,High,75951,legacy_export_v3,
L-1112,"Hughes, David",n/a,5125554341,home  office,5450.00,W,45658,2025-01-22,M. Lopez,google ads,Austin,ad,01/22/2025,,5450.00,declined,2025-01-08,follow up next week,,,73393,legacy_export_v3,
L-1038,Ashley Anderson,ASHLEY.ANDERSON@EXAMPLE.COM ,(213) 555-090,WIC,"13,350",WON,08/22/2025,09/12/2025,D Carter ,HOUZZ,la,web,04/25/2028,,n/a,,2025-08-26,,,med,78267,legacy_export_v3,
L-1065, Grace Walsh ,grace.walsh@example.com,214-555-0329,Reach-in closet,12450,Win,2025-12-20,2026-01-16,sam okafor,Insta,Dallas,,01/16/2026,,"12,450",sent,2025-12-26,customer comparing quotes,,,76589,legacy_export_v3,
L-1316,David Dawson,david.dawson@example.com ,(213) 555-669,  garage system,7450,WON,2025-07-06,2025-07-28,Devon  Carter,Houzz,LA,web,07/28/2025,,7450.00,declined,"July 12, 2025",,,,74520,legacy_export_v3,
L-1352,Mei  Torres,,(213) 555-177,Pantry ,2700,Lost,12/28/2025,01/23/2026,Devon Carter,Houzz.com ,la,web,,,"$2,700",Sent,2025-12-31,,,med,76491,legacy_export_v3,
L-1329,Fatima Patel,fatima.patel@example.com,5125556938,Reach-in closet ,"12,450",W,2026-01-07,"January 27, 2026",Maria  Lopez,Referral Past Client,Austin,,01/27/2026,,,,"January 14, 2026",,,,78176,legacy_export_v3,
L-1337,Mike  Flores,mike.flores@example.com,(213) 555 403,  pantry,,Dead,08/08/2025,"August 29, 2025",Devon Carter,GoogleAds,Los Angeles,,,timing,"$3,100",sent,2025-08-12,,,,77533,legacy_export_v3,
L-1074, Brian Anderson ,brian.anderson@example.com,(512) 555-298,home office,"$-1,164",Dead,45860,08/06/2025,Maria  Lopez,Google Ads,Austin,ad,,price,4250,declined,07/27/2025,follow up next week,,,77630,legacy_export_v3,
L-1364,Mei Khan,mei.khan@example.com,213-555-0569,garage system,6100.00,L,2024-11-10,11/25/2024,D Carter,Past Client Referral,la,,,budget,"6,100",,"November 16, 2024",,,,75721,legacy_export_v3,
L-1363, Chris Mueller ,chris.mueller@example.com,(214) 555-769,Home office,,L,09/16/2024,2024-10-13,sam okafor,GoogleAds,Dallas,,,,"4,350",sent,09/23/2024,ready to buy,,med,76435,legacy_export_v3,
L-1011,"Brown, John",JOHN.BROWN@EXAMPLE.COM,737-555-0359,Walk in Closet,"$11,650",Consultation,2026-05-12,05/19/2026,Priya  Shah,GoogleAds,web,ad,,,,,05/19/2026,customer comparing quotes,,,75868,legacy_export_v3,
L-1078,KEVIN DAWSON,kevin.dawson@example.com,(214) 555 013,garage,"$6,200",Win,10/30/2025,2025-11-25,sam okafor,Referral,dallas,,11/25/2025,,"6,200",accepted,Nov 3 2025,follow up next week,,3,78046,legacy_export_v3,
L-1080,"Brown, Emily",emily.brown@example.com ,(737) 555 811,garage,"$6,850",W,2025-02-24,2025-03-23,priya shah,Showroom Walk-in,,,03/23/2025,,"6,850",accepted,03/02/2025,customer comparing quotes,,med,77342,legacy_export_v3,
L-1339,Raj Romano,  raj.romano@example.com,(512) 555-382,walkin ,"$10,850",Won,2025-03-24,2025-04-16,  Maria Lopz,HOUZZ,,,04/16/2025,,10850.00,Sent,03/31/2025,,,,76259,legacy_export_v3,
L-1069,"Williams, Mike",mike.williams@example.com ,512-555-0346,pantry,"2,850",Dead,2026-02-26,Mar 20 2026,Maria   Lopez,houzz.com,Austin,,,timing,"$2,850",sent,03/02/2026,ready to buy,,,75860,legacy_export_v3,
L-1319,Derek Cohen,DEREK.COHEN@EXAMPLE.COM,(737) 555-377,Kitchen Pantry,3350.00,Win,"April 18, 2026",May 9 2026,P. Shah,instagram,web,ad,2026-05-09,,"3,350",accepted,Apr 25 2026,,,,77815,legacy_export_v3,
L-1093,David Park,david.park@example.com,213-555-0948,Reach-in closet,"$12,650",Closed Lost,12/05/2025,01/04/2026,Devon Carter ,Houzz.com ,Los Angeles,,,budget,12650.00,declined,Dec 10 2025,"called, left vm",,,76089,legacy_export_v3,
L-1367, Raj Johnson ,raj.johnson@example.com,512-555-0545,Walk-in closet,13800,L,2024-09-23,10/26/2024,M. Lopez ,Houzz,ATX,web,,price,"$13,800",accepted,10/01/2024,,,,77076,legacy_export_v3,
L-1230,"Flores, Amanda",amanda.flores@example.com,2145552189,Garage,5800.00,Consultation,2026-05-15,"May 18, 2026",Sam Okafor ,Showroom,DFW,,,,,,46161,,,High,76279,legacy_export_v3,
L-1222,EMILY AHMED,emily.ahmed@example.com,737-555-0840,Reach-in closet,13700,quote,04/19/2026,2026-05-04,Pria Shah,GoogleAds,online,,,,"$13,700",Sent,04/22/2026,,,,75427,legacy_export_v3,
L-1084,Raj  Ahmed,raj.ahmed@example.com,(213) 555-252,  Walk in Closet,"$10,800",Closed Lost,07/19/2025,08/17/2025,Devon Carter,Past Client Referral,la,,,budget,n/a,,45865,"called, left vm",,med,76026,legacy_export_v3,
L-1173,Ashley Mueller,ashley.mueller@example.com,5125554805,garage,,L,46049,02/13/2026,Maria  Lopez,walk in,Austin,showroom,,price,"$6,950",sent,Jan 30 2026,"called, left vm",,3,75738,legacy_export_v3,
L-1060,Mei Garcia,mei.garcia@example.com,(737) 555 644,garage,6750.00,Dead,06/02/2024,06/18/2024,Priya  Shah,GoogleAds,Online,ad,,timing,n/a,accepted,2024-06-06,ready to buy,,,74102,legacy_export_v3,
L-1109,Nicole Smith,nicole.smith@example.com,214-555-0032,Walk in Closet,0,Lost,2025-03-02,2025-03-28,sam okafor ,Google Ads,,,,price,13500.00,sent,03/08/2025,,,,77672,legacy_export_v3,
L-1205,"Hughes, Tom",tom.hughes@example.com,(737) 555-208,Walk in Closet ,0,Dead,2025-12-14,2026-01-04,priya shah,IG,online,ad,,budget,"11,200",,Dec 21 2025,,,,73791,legacy_export_v3,
L-1224,Grace Hughes,,737-555-0620,Kitchen Pantry,"$-1,063",lost,08/08/2025,45907,  P. Shah,walk in,Online,showroom,,price,"3,250",Sent,2025-08-12,,,,73857,legacy_export_v3,
L-1346,emily brown,emily.brown@example.com,(512) 555-016,Kitchen Pantry,2750.00,Won,Feb 22 2026,03/19/2026,Maria Lopez,REFERRAL,austin,,03/19/2026,,"$2,750",,46084,,,,76746,legacy_export_v3,
L-1378,Brian Walsh,n/a,(213) 555 006,Walk in Closet ,,Lost,08/13/2025,Aug 30 2025,devon carter,showroom,la,,,went with competitor,11400.00,accepted,45888,,,,74842,legacy_export_v3,
L-1017,"Garcia, Amanda",  amanda.garcia@example.com,,Garage Storage,"$6,950",W,2024-09-05,45564,sam okafor,Past Client Referral,dallas,referral,2024-09-28,,6950,,2024-09-09,"called, left vm",,High,78372,legacy_export_v3,
L-1330,ashley williams,ashley.williams@example.com,(737) 555-769,Pantry,"$-1,165",Dead,2025-09-06,2025-10-09,P. Shah,referral - past client,web,,,budget,3250,,09/11/2025,ready to buy,,,78624,legacy_export_v3,
L-1147,Jessica Reed,jessica.reed@example.com,,Garage ,"$7,050",L,09/27/2024,"October 21, 2024",M. Lopez,Houzz,ATX,,,no response,"7,050",,10/04/2024,customer comparing quotes,,,77513,legacy_export_v3,
L-1188,Mei  Dawson,  mei.dawson@example.com,214-555-0365,Garage Storage,"5,500",Win,2026-02-06,03/08/2026,sam okafor,houz,dallas,web,03/08/2026,,"$5,500",Sent,02/12/2026,customer comparing quotes,,,78522,legacy_export_v3,
L-1143,"Dawson, Derek",,2145554210,  WIC,"$11,200",Lost,01/05/2025,01/24/2025,Sam Okafor,Instagram,dallas,ad,,timing,"11,200",declined,Jan 11 2025,follow up next week,,,73352,legacy_export_v3,
L-1260,Jessica Hughes,jessica.hughes@example.com,(737) 555-298,WIC ,"12,400",Win,"August 3, 2024","August 27, 2024",priya shah,Referral,online,,2024-08-27,,"$12,400",,45514,,,,77416,legacy_export_v3,
L-1113,John Cohen,john.cohen@example.com,(737) 555-974,Walk in Closet,"11,550",Won,2025-06-18,Jul 16 2025,Pria Shah,referral - past client,web,,07/16/2025,,"$11,550",Sent,06/21/2025,,,,77295,legacy_export_v3,
L-1293,Ashley Khan,ashley.khan@example.com,214-555-0939,Walk-in closet,"12,750",Dead,Nov 18 2024,12/21/2024,Sam Okafr,referral - past client,dallas,referral,,no response,"12,750",accepted,2024-11-21,,,High,74738,legacy_export_v3,
L-1089,"Cohen, Tom",tom.cohen@example.com ,,Reach-in closet,12650,Closed Lost,04/18/2025,"May 15, 2025",sam okafor,houz,dallas,,,price,"$12,650",sent,04/22/2025,follow up next week,,,74518,legacy_export_v3,
L-1067,Ashley Romano,ashley.romano@example.com ,213-555-0544,garage,"6,950",Win,10/27/2024,Nov 17 2024,D Carter,Google Ads,la,,2024-11-17,,"6,950",declined,Nov 3 2024,ready to buy,,,76658,legacy_export_v3,
L-1178, David Johnson ,  david.johnson@example.com,214-555-0221,Pantry ,3050.00,won,Dec 1 2024,12/31/2024,  Sam Okafor,HOUZZ,DFW,web,12/31/2024,,"$3,050",accepted,12/05/2024,"called, left vm",,,73761,legacy_export_v3,
L-1268,Raj Reed,raj.reed@example.com ,,  Office,0,Closed Lost,2026-03-15,04/13/2026,S. Okafor,Adwords,DFW,ad,,,"$4,050",accepted,2026-03-23,,,High,74604,legacy_export_v3,
L-1097,"Brown, Linda",linda.brown@example.com,214-555-0562,Garage Storage,-,Lost,01/08/2026,02/05/2026,  sam okafor,houz,DFW,,,went with competitor,"7,300",Sent,2026-01-13,,,,78316,legacy_export_v3,
L-1257,"Patel, Derek",derek.patel@example.com,(213) 555 118,Reach-in closet,11100.00,L,02/09/2026,03/04/2026,D Carter ,Referral Past Client,la,,,price,11100,sent,02/14/2026,customer comparing quotes,,High,75435,legacy_export_v3,
L-1119,DEREK KHAN,DEREK.KHAN@EXAMPLE.COM ,(512) 555-692,Walk in Closet,"$12,450",Closed Lost,03/07/2025,45741,M.  Lopez,houzz.com,Austin,,,timing,12450.00,sent,Mar 15 2025,follow up next week,,High,77910,legacy_export_v3,
L-1392,Amanda Garcia,amanda.garcia@example.com,512-555-0635,Reach-in closet,0,Dead,04/23/2026,05/10/2026,Maria  Lopez,Past Client Referral,,referral,,budget,"13,450",declined,2026-04-29,"called, left vm",,,75458,legacy_export_v3,
L-1299,Kevin Hughes,kevin.hughes@example.com,7375551529,  Garage,"$7,650",WON,2025-04-14,05/05/2025,priya shah,houzz.com,online,,10/26/2028,,"7,650",declined,Apr 22 2025,ready to buy,,,78168,legacy_export_v3,
L-1175,Amanda  Anderson,,(512) 555-615,Garage,7650.00,lost,"February 25, 2026",03/21/2026,M. Lopez,Referral Past Client,austin,referral,,timing,"7,650",Sent,2026-03-03,customer comparing quotes,,,74167,legacy_export_v3,
L-1199,"Williams, Omar",omar.williams@example.com,214-555-0076,Walk-in  closet,11700.00,won,2024-10-26,45609,Sam Okafor,Google Ads,DFW,,11/13/2024,,11700.00,accepted,2024-10-29,follow up next week,,3,76170,legacy_export_v3,
L-1034,omar williams,OMAR.WILLIAMS@EXAMPLE.COM,,Pantry,"2,400",Win,45908,2025-10-04,maria lopez,Walk-in,austin,showroom,10/04/2025,,2400.00,accepted,Sep 11 2025,"called, left vm",,med,76270,legacy_export_v3,
L-1206,"Flores, Emily",EMILY.FLORES@EXAMPLE.COM,,Garage ,"$7,200",lost,03/07/2026,03/27/2026,devon carter,showroom,Los Angeles,,,timing,,,03/14/2026,ready to buy,,High,75437,legacy_export_v3,
L-1202,Wei Smith,wei.smith@example.com,5125557145,home office,4250.00,Closed Won,Jan 5 2026,2026-01-27,maria lopez,referral - past client,austin,referral,46050,,"$4,250",sent,46032,"called, left vm",,3,77858,legacy_export_v3,
L-1323,"Carter, Ashley",ASHLEY.CARTER@EXAMPLE.COM,(213) 555 496,Walk-in closet,"$14,250",won,01/31/2026,46076,Devon  Carter,Walk-in,LA,,2026-02-23,,14250,sent,02/05/2026,,,,77362,legacy_export_v3,
L-1246,Kevin Nguyen,kevin.nguyen@example.com,2145552843,Walk in Closet,,Lost,2025-01-19,02/09/2025,  sam okafor,Adwords,DFW,ad,,went with competitor,"13,700",sent,2025-01-27,ready to buy,,,78158,legacy_export_v3,
L-1377,John Johnson,john.johnson@example.com,5125559284,garage ,"6,100",won,2026-01-07,2026-02-04,Maria Lopz,google ads,ATX,,Feb 4 2026,,6100,Sent,2026-01-10,customer comparing quotes,,,78738,legacy_export_v3,
L-1229,David  Gupta,,214-555-0190,garage system ,"6,950",Win,45968,2025-11-27,S. Okafor,Referral Past Client,Dallas,referral,11/27/2025,,,,11/12/2025,customer comparing quotes,,,77861,legacy_export_v3,
L-1153,"Cohen, John",john.cohen@example.com,,garage,"$-1,018",Dead,11/04/2025,2025-12-05,Pria Shah,google ads,online,ad,,went with competitor,"$6,750",sent,Nov 7 2025,,,,76380,legacy_export_v3,
L-1233, Wei Okafor ,wei.okafor@example.com,(214) 555 644,Kitchen Pantry,2750,W,2025-02-11,2025-03-11,  S. Okafor,instagram,Dallas,,03/11/2025,,2750.00,sent,2025-02-15,"called, left vm",,,75061,legacy_export_v3,
L-1144,David Williams,david.williams@example.com,213-555-0401,Garage,5300.00,Win,2025-06-18,07/06/2025,devon carter,Google Ads,Los Angeles,,"July 6, 2025",,"5,300",,45829,"called, left vm",,med,76542,legacy_export_v3,
L-1004,Linda Romano,linda.romano@example.com,(512) 555-546,Kitchen Pantry,2800,Win,2026-03-12,Apr 10 2026,Maria Lopz ,insta,Austin,,"April 10, 2026",,"2,800",accepted,2026-03-18,follow up next week,,3,76520,legacy_export_v3,
L-1187, Linda Lee ,linda.lee@example.com,512-555-0660,Home office,n/a,Closed Lost,45701,Mar 14 2025,Maria Lopez,Houzz.com ,Austin,,,no response,n/a,declined,2025-02-21,follow up next week,,High,73821,legacy_export_v3,
L-1361,Sarah Ahmed,SARAH.AHMED@EXAMPLE.COM,512-555-0350,garage system,"$7,250",Won,Aug 24 2024,Sep 14 2024,Maria Lopez,walk in,ATX,,2024-09-14,,7250.00,sent,2024-08-30,,,3,74720,legacy_export_v3,
L-1243,Brian Nguyen,  brian.nguyen@example.com,(512) 555-990,Kitchen Pantry,0,Dead,45936,2025-10-23,maria lopez,GoogleAds,,ad,,,"2,300",accepted,2025-10-12,follow up next week,,med,74313,legacy_export_v3,
L-1278,Kevin Carter,kevin.carter@example.com,5125555965,walkin,"$12,050",Closed Lost,"August 25, 2024",09/18/2024,Maria Lopz,Adwords,ATX,,,price,"12,050",sent,2024-09-01,"called, left vm",,,74679,legacy_export_v3,
L-1046,amanda torres,AMANDA.TORRES@EXAMPLE.COM,2135551847,Office,"$4,550",lost,2026-02-11,2026-03-07,Devon Carter,IG,Los Angeles,,,budget,4550.00,,02/17/2026,customer comparing quotes,,,77072,legacy_export_v3,
L-1163,"Lee, Emily",emily.lee@example.com,214-555-0189,  Home office,6050,L,06/03/2025,06/29/2025,  sam okafor,Instagram,DFW,ad,,,6050.00,declined,"June 6, 2025",,,,75620,legacy_export_v3,
L-1390,Derek Williams,derek.williams@example.com,(512) 555 354,Kitchen Pantry,,L,2025-06-19,2025-07-10,  Maria  Lopez,Houzz.com ,ATX,,,went with competitor,,,2025-06-27,customer comparing quotes,,,76392,legacy_export_v3,
L-1086,Tom Mueller,TOM.MUELLER@EXAMPLE.COM ,(214) 555 954,Walk in Closet ,11350.00,L,01/20/2025,2025-02-13,Sam Okafr,REFERRAL,DFW,,,,11350.00,,45682,follow up next week,,3,76924,legacy_export_v3,
L-1041,hannah johnson,,214-555-0711,pantry,"$2,850",lost,2026-05-01,46166,  sam okafor,Past Client Referral,Dallas,referral,,,"$2,850",sent,May 5 2026,,,,74252,legacy_export_v3,
L-1213,Sofia Cohen,sofia.cohen@example.com,2135559692,  Pantry,"$3,300",Dead,2026-03-12,04/06/2026,devon carter,HOUZZ,Los Angeles,web,,timing,"$3,300",accepted,2026-03-19,,,,75844,legacy_export_v3,
L-1195,Omar Torres,,737-555-0950,pantry,"2,300",WON,08/26/2025,45919,Priya Shah,Google Ads,online,,2025-09-19,,2300.00,accepted,08/30/2025,follow up next week,,High,76695,legacy_export_v3,
L-1298,GRACE LEE,  GRACE.LEE@EXAMPLE.COM,2135552560,pantry,"$2,850",won,"June 17, 2025",45848,  devon carter,,,ad,07/10/2025,,,,45829,,,,78221,legacy_export_v3,
L-1115,David Williams,  david.williams@example.com,2145551685,Walk in Closet ,"$11,100",Closed Lost,46152,2026-06-04,S.  Okafor,houzz.com,DFW,,,no response,"$11,100",,May 18 2026,customer comparing quotes,,med,74773,legacy_export_v3,
L-1015,CARLOS GARCIA,,214-555-0140,garage,7600.00,won,"June 24, 2025",07/16/2025,S. Okafor,Google Ads,dallas,,Jul 16 2025,,"7,600",,06/28/2025,follow up next week,,,77550,legacy_export_v3,
L-1385,David  Garcia,david.garcia@example.com,214-555-0276,Walk in Closet,"13,950",Won,2025-12-01,2025-12-22,S. Okafor,Adwords,DFW,ad,12/22/2025,,"13,950",Sent,2025-12-09,,,High,77877,legacy_export_v3,
L-1123,Brian Hughes,brian.hughes@example.com,(214) 555-204,walkin,"12,200",Win,2025-11-09,2025-12-06,S. Okafor,Houzz.com ,,,2025-12-06,,12200,sent,2025-11-16,follow up next week,,High,77417,legacy_export_v3,
L-1133,Mei Ahmed,mei.ahmed@example.com,(214) 555-975,  walkin,"$13,750",Closed Won,08/10/2025,45903,sam okafor,insta,dallas,ad,09/03/2025,,"$13,750",sent,45887,"called, left vm",,3,75080,legacy_export_v3,
L-1209,Sarah Mueller,sarah.mueller@example.com,(213) 555-943,Office ,5100.00,won,2026-03-29,04/21/2026,Devon Carter,GoogleAds,LA,ad,04/21/2026,,5100.00,,04/04/2026,"called, left vm",,,74743,legacy_export_v3,
L-1124,"Reed, Grace",,512-555-0532,  garage,"$7,500",lost,12/23/2024,01/18/2025,M. Lopez,houzz.com,,web,,budget,7500.00,sent,Dec 31 2024,"called, left vm",,,75147,legacy_export_v3,
L-1373,Sarah Carter,sarah.carter@example.com ,5125551292,  garage,n/a,Lost,46005,46029,Maria Lopez,Past Client Referral,,,,budget,"$6,050",Sent,46009,,,,76806,legacy_export_v3,
L-1324,wei gupta,wei.gupta@example.com,(213) 555 338,walkin ,"$13,050",lost,45880,09/02/2025,  Devon Carter,HOUZZ,Los Angeles,,,price,13050.00,Sent,2025-08-19,"called, left vm",,,77893,legacy_export_v3,
L-1137,Chris Torres,chris.torres@example.com ,(214) 555 914,pantry,2750,WON,2026-02-05,02/27/2026,  S. Okafor,houzz.com,DFW,,2026-02-27,,2750.00,,02/11/2026,"called, left vm",,,75894,legacy_export_v3,
L-1354,Derek Smith,derek.smith@example.com,214-555-0910,WIC,13500.00,L,"February 17, 2026",2026-03-04,S.  Okafor,HOUZZ,DFW,web,,budget,"13,500",declined,2026-02-22,"called, left vm",,High,77669,legacy_export_v3,
L-1054,Omar Nguyen,,(213) 555 402,garage,6250.00,L,01/12/2025,02/09/2025,Devon Carter,insta,la,,,,"$6,250",Sent,"January 19, 2025","called, left vm",,3,75664,legacy_export_v3,
L-1309,Kevin Gupta,kevin.gupta@example.com,213-555-0688,pantry,"2,700",Lost,02/09/2026,02/27/2026,Devon  Carter,Adwords,,ad,,price,"2,700",Sent,"February 14, 2026",,,,74883,legacy_export_v3,
L-1215,Linda  Patel,LINDA.PATEL@EXAMPLE.COM,2135558567,Garage,0,Dead,2025-01-30,"March 4, 2025",Devon Carter ,Walk-in,,,,price,"7,450",sent,2025-02-04,"called, left vm",,3,77809,legacy_export_v3,
L-1056,david romano,  DAVID.ROMANO@EXAMPLE.COM,5125551529,WIC,13750,Win,2025-04-15,05/10/2025,Maria Lopez,GoogleAds,Austin,,2025-05-10,,"$13,750",sent,04/20/2025,customer comparing quotes,,,77888,legacy_export_v3,
L-1009,Jessica Mueller,jessica.mueller@example.com ,(213) 555-996,Kitchen Pantry,"$2,950",Quote,Apr 29 2026,2026-05-12,Devon Carter,Showroom,,,,,"2,950",sent,05/05/2026,"called, left vm",,,76805,legacy_export_v3,
L-9004,Carlos Johnson,,512,walkin,13350,Maria Lopez,Maria  Lopez,Google Ads,Nov 9 2025,W,,,,,,,,shifted/garbled export row,,,,legacy_export_v3,xQ258
L-1304,Linda Reed,LINDA.REED@EXAMPLE.COM ,(214) 555-933,  home office,5850.00,Dead,2025-02-16,03/17/2025,S. Okafor,referral - past client,dallas,referral,,budget,5850,Sent,2025-02-22,,,High,75533,legacy_export_v3,
L-1165,linda lee,linda.lee@example.com,(512) 555-684,Kitchen Pantry,"$2,600",Won,Feb 11 2025,03/02/2025,M. Lopez,google ads,austin,,03/02/2025,,"$2,600",accepted,2025-02-16,,,,75950,legacy_export_v3,
L-1239,Mei Williams,mei.williams@example.com,(213) 555-160,Walk in Closet,12550,won,10/27/2024,11/17/2024,devon carter,Adwords,LA,,2028-10-07,,"12,550",sent,"November 2, 2024","called, left vm",,High,74721,legacy_export_v3,
L-1358,"Hughes, Derek",DEREK.HUGHES@EXAMPLE.COM,7375558577,Kitchen Pantry,"$2,850",Closed Lost,03/24/2025,04/19/2025,Priya Shah,Houzz,online,,,timing,"$2,850",sent,45747,,,3,76255,legacy_export_v3,
L-1167,Amanda Mueller,amanda.mueller@example.com,(512) 555-178,WIC,13250.00,Win,07/19/2025,45876,maria lopez ,GoogleAds,Austin,ad,08/07/2025,,"13,250",Sent,2025-07-27,,,,73665,legacy_export_v3,
L-1365,Mike Dawson,mike.dawson@example.com,(214) 555-624,Reach-in closet,,L,2025-11-06,"December 5, 2025",  sam okafor,Google,,,,went with competitor,"11,950",declined,11/09/2025,follow up next week,,,74071,legacy_export_v3,
L-1049,David Anderson,n/a,2135559800,walkin,"12,700",lost,2026-03-08,03/25/2026,Devon  Carter ,Showroom,LA,showroom,,price,"$12,700",sent,03/16/2026,"called, left vm",,,74481,legacy_export_v3,
L-1004,LINDA ROMANO,linda.romano@example.com ,(512) 555 883,  Kitchen Pantry,"$2,800",W,2026-03-12,46122,  Maria Lopz,insta,ATX,,2026-04-10,,"$2,800",accepted,03/18/2026,"called, left vm",,,78202,legacy_export_v3,
L-1031,Derek Smith,derek.smith@example.com,,Walk-in closet,"$12,600",Closed Lost,11/06/2025,11/22/2025,maria lopez ,Houzz,ATX,,,price,"12,600",Sent,11/12/2025,"called, left vm",,,74481,legacy_export_v3,
L-1166,Brian Nguyen,brian.nguyen@example.com,2145553248,Pantry,"$3,300",Dead,Jul 14 2025,08/06/2025,Sam Okafor,HOUZZ,dallas,,,budget,3300,sent,07/19/2025,"called, left vm",,,73960,legacy_export_v3,
L-1029,Sofia Hughes,SOFIA.HUGHES@EXAMPLE.COM,(214) 555 339,Office,5800.00,WON,"September 23, 2025",10/15/2025,sam okafor,GoogleAds,Dallas,,10/15/2025,,5800.00,,45929,,,,77933,legacy_export_v3,
L-1231,mei cohen,  MEI.COHEN@EXAMPLE.COM,512-555-0907,Garage Storage ,7600.00,Win,2026-01-05,01/29/2026,Maria  Lopez,showroom,ATX,showroom,2026-01-29,,"$7,600",accepted,"January 10, 2026","called, left vm",,med,74793,legacy_export_v3,
L-1249,Hannah Mueller,  hannah.mueller@example.com,214-555-0252,pantry,-,lost,06/03/2025,06/22/2025,sam okafor,Referral Past Client,Dallas,,,budget,3250.00,sent,06/08/2025,"called, left vm",,High,77578,legacy_export_v3,
L-1064,Sarah Reed,sarah.reed@example.com,(737) 555 217,WIC,11550,Dead,Oct 3 2025,11/06/2025,  priya shah,REFERRAL,Online,,,,11550,sent,10/11/2025,,,3,73676,legacy_export_v3,
L-1044,"Nguyen, Mike",mike.nguyen@example.com,,  Garage Storage,,L,Mar 9 2026,03/28/2026,maria lopez,Past Client Referral,austin,referral,,,7700.00,sent,2026-03-17,,,,75702,legacy_export_v3,
L-1107,Derek  Torres,derek.torres@example.com,7375557971,home office,6000.00,Win,46128,May 6 2026,  priya shah,Adwords,web,ad,May 6 2026,,"$6,000",accepted,"April 24, 2026",,,High,74992,legacy_export_v3,
L-1005,"Hughes, Amanda",amanda.hughes@example.com,512-555-0030,  pantry,2300,Won,2024-12-10,Jan 2 2025,Maria Lopz,REFERRAL,austin,referral,01/02/2025,,"2,300",sent,45641,,,,76221,legacy_export_v3,
L-1384,Sarah Ahmed,sarah.ahmed@example.com,(213) 555-205,  Pantry,"2,250",won,45761,05/12/2025,Devon  Carter,google ads,Los Angeles,ad,2025-05-12,,n/a,accepted,45769,,,,74541,legacy_export_v3,
L-1087,"Anderson, David",,512-555-0059,walkin,12000,lost,May 11 2026,2026-06-09,maria lopez,Instagram,austin,ad,,price,"$12,000",Sent,46157,"called, left vm",,med,73540,legacy_export_v3,
L-1277,ASHLEY DAWSON,ASHLEY.DAWSON@EXAMPLE.COM,2145556989,pantry,2450,L,2024-10-17,11/11/2024,  S. Okafor,Houzz,dallas,,,no response,,,10/23/2024,,,3,74640,legacy_export_v3,
L-1345, Jessica Dawson ,jessica.dawson@example.com,(214) 555-710,Kitchen Pantry,2850.00,Lost,"March 3, 2025",2025-03-28,Sam Okafr,google ads,,,,went with competitor,"$2,850",sent,2025-03-10,"called, left vm",,,76992,legacy_export_v3,
L-1391,Raj Hughes,  RAJ.HUGHES@EXAMPLE.COM,213-555-0394,Walk-in closet,"$-1,463",lost,Sep 26 2025,"October 17, 2025",devon carter ,Referral,la,,,timing,n/a,declined,2025-10-02,,,,74639,legacy_export_v3,
L-1397,Chris  Ahmed,CHRIS.AHMED@EXAMPLE.COM,214-555-0278,walkin,11900.00,WON,2025-02-07,02/27/2025,Sam Okafor,Houzz,Dallas,,2025-02-27,,"$11,900",declined,02/11/2025,follow up next week,,High,75611,legacy_export_v3,
L-1048,"Hughes, Mike",mike.hughes@example.com,(214) 555 353,garage system ,"$6,500",Closed Won,03/06/2026,03/27/2026,Sam Okafr,GoogleAds,Dallas,ad,2026-03-27,,"6,500",accepted,03/12/2026,"called, left vm",,,78144,legacy_export_v3,
L-1334, Brian Johnson ,BRIAN.JOHNSON@EXAMPLE.COM,,Pantry,3250,W,2025-09-02,09/24/2025,Pria Shah,Past Client Referral,online,,"September 24, 2025",,,,2025-09-05,,,High,74478,legacy_export_v3,
L-1320,Wei Brown,wei.brown@example.com,(512) 555-962,walkin,"12,450",Closed Lost,Jan 3 2026,2026-01-31,Maria Lopez,Instagram,Austin,,,price,"12,450",Sent,01/10/2026,,,High,74461,legacy_export_v3,
L-1180,Nicole  Flores,  nicole.flores@example.com,2145556153,Garage Storage,"$6,000",Closed Won,02/23/2026,03/24/2026,Sam Okafr,GoogleAds,Dallas,ad,Mar 24 2026,,"6,000",sent,46084,,,,74737,legacy_export_v3,
L-1281,Omar Anderson,omar.anderson@example.com,(213) 555-304,Garage Storage ,"6,600",new,2026-03-22,Mar 22 2026,devon carter,HOUZZ,la,,,,,,,customer comparing quotes,,3,75543,legacy_export_v3,
L-1255,"Hughes, Brian",brian.hughes@example.com,512-555-0755,Kitchen Pantry ,0,lost,"November 26, 2024",Dec 23 2024,maria lopez,Instagram,ATX,ad,,price,2500.00,sent,45628,"called, left vm",,,77934,legacy_export_v3,
L-1393,"Patel, Tom",tom.patel@example.com,(512) 555 252,  garage system,"$5,450",Consult,2026-04-30,2026-05-07,Maria  Lopez ,Showroom Walk-in,austin,,,,,,46149,,,,74418,legacy_export_v3,
L-1303,Chris Walsh,chris.walsh@example.com,(214) 555-835,WIC,$-896,Dead,"March 7, 2026",46120,Sam Okafor ,Adwords,dallas,,,no response,12100.00,accepted,2026-03-10,"called, left vm",,,76589,legacy_export_v3,
L-1309,KEVIN GUPTA,kevin.gupta@example.com,(213) 555-461,Kitchen Pantry,"$-1,450",Lost,02/09/2026,02/27/2026,D Carter ,Google Ads,Los Angeles,,,no response,"$2,700",sent,2026-02-14,follow up next week,,3,73790,legacy_export_v3,
L-1236,"Smith, Sarah",sarah.smith@example.com,(213) 555-784,Garage,7150,Won,2025-05-15,2025-06-11,D Carter ,GoogleAds,Los Angeles,,06/11/2025,,7150.00,sent,05/20/2025,follow up next week,,med,77709,legacy_export_v3,
L-1331,"Ahmed, Wei",wei.ahmed@example.com,737-555-0136,Reach-in closet,"$13,200",W,2026-02-18,03/17/2026,P.  Shah,REFERRAL,online,referral,2026-03-17,,13200.00,sent,02/22/2026,customer comparing quotes,,,75763,legacy_export_v3,
L-1135,MIKE GARCIA,  mike.garcia@example.com,(214) 555-029,  WIC,12950.00,Win,45694,2025-02-26,sam  okafor,Google,Dallas,ad,2025-02-26,,"$12,950",declined,Feb 10 2025,,,High,77690,legacy_export_v3,
L-1254,Sarah Garcia,sarah.garcia@example.com,512-555-0403,walkin,"$11,300",Lost,11/01/2024,2024-11-29,  maria lopez,houz,austin,web,,timing,"$11,300",,2024-11-05,"called, left vm",,High,73535,legacy_export_v3,
L-1066,Amanda Johnson,amanda.johnson@example.com,(214) 555 434,Kitchen Pantry,"$3,050",Won,01/29/2025,02/16/2025,Sam Okafr,Showroom,dallas,,02/16/2025,,"$3,050",sent,Feb 3 2025,customer comparing quotes,,,74569,legacy_export_v3,
L-1300,Mike Cohen,mike.cohen@example.com,(214) 555 959,  walkin,,L,"October 28, 2025",12/02/2025,  sam okafor,Showroom Walk-in,Dallas,,,budget,13250,accepted,2025-11-01,customer comparing quotes,,,76398,legacy_export_v3,
L-1312,Fatima Okafor,  fatima.okafor@example.com,512-555-0629,Home office,"$4,200",Win,05/30/2025,2025-06-25,Maria Lopz ,Past Client Referral,Austin,referral,45834,,"$4,200",sent,2025-06-03,,,,75788,legacy_export_v3,
L-1042,Brian Mueller,BRIAN.MUELLER@EXAMPLE.COM,7375551831,Pantry,3100.00,Closed Won,01/16/2026,46057,priya shah,referral - past client,online,,02/04/2026,,3100.00,sent,2026-01-21,"called, left vm",,3,78479,legacy_export_v3,
L-1025,Derek Okafor,derek.okafor@example.com,(512) 555 305,  Walk in Closet,"$12,300",Lost,2024-06-07,07/05/2024,M. Lopez,IG,austin,,,went with competitor,12300.00,sent,45456,customer comparing quotes,,,75081,legacy_export_v3,
L-1266,Sofia Patel,sofia.patel@example.com,213-555-0860,home office,"4,150",Closed Lost,10/25/2024,11/24/2024,Devon Carter,Showroom,Los Angeles,,,timing,"$4,150",sent,10/28/2024,,,3,74848,legacy_export_v3,
L-1310,amanda hughes,amanda.hughes@example.com,5125556798,walkin,"$10,750",W,Jun 24 2025,07/23/2025,maria lopez,Adwords,austin,ad,2025-07-23,,10750.00,sent,07/02/2025,follow up next week,,,76934,legacy_export_v3,
L-1043,Sarah Mueller,  sarah.mueller@example.com,(512) 555-174,Reach-in closet,13750.00,Closed Lost,2026-03-05,46117,Maria Lopz,Walk-in,Austin,showroom,,went with competitor,"$13,750",Sent,2026-03-11,,,High,76497,legacy_export_v3,
L-1146,Sarah Reed,sarah.reed@example.com,(737) 555-079,  Walk in Closet,"$13,900",W,2025-09-12,10/11/2025,  Priya Shah,Referral Past Client,web,,2025-10-11,,13900,sent,45920,,,,78238,legacy_export_v3,
L-1098,"Reed, Nicole",nicole.reed@example.com,,Kitchen Pantry,"$2,500",Win,2025-09-13,45940,sam okafor,google ads,dallas,ad,2025-10-10,,2500,accepted,2025-09-17,,,3,76720,legacy_export_v3,
L-1151,Brian  Gupta,brian.gupta@example.com,5125558586,WIC,13700,Closed Won,2025-06-25,Jul 16 2025,Maria  Lopez,Houzz,austin,web,2025-07-16,,13700,,2025-06-29,"called, left vm",,,78704,legacy_export_v3,
L-1335, Emily Okafor ,  emily.okafor@example.com,213-555-0312,garage system,"$5,300",Lost,45982,2025-12-09,Devon  Carter,Showroom,la,showroom,,no response,"$5,300",accepted,2025-11-23,customer comparing quotes,,3,75998,legacy_export_v3,
L-1261,EMILY GARCIA,EMILY.GARCIA@EXAMPLE.COM,512-555-0218,Garage Storage,5750.00,WON,"January 19, 2025",2025-02-18,Maria  Lopez,insta,austin,,Feb 18 2025,,5750.00,sent,2025-01-24,,,,77317,legacy_export_v3,
L-1047,Mei Anderson,,512-555-0414,Walk in Closet ,13600,WON,2026-03-11,04/08/2026,maria lopez,Google,ATX,,Apr 8 2026,,"$13,600",Sent,03/15/2026,follow up next week,,,73833,legacy_export_v3,
L-1030,Brian Lee,BRIAN.LEE@EXAMPLE.COM,,garage,"5,250",W,08/06/2025,2025-08-27,devon carter,houz,la,,2025-08-27,,5250.00,Sent,08/12/2025,customer comparing quotes,,,78102,legacy_export_v3,
L-1079,Emily Lee,emily.lee@example.com,(737) 555 681,Home office,4700.00,lost,2025-12-10,2026-01-04,Priya Shah,houzz.com,web,,,went with competitor,"$4,700",accepted,12/15/2025,"called, left vm",,High,76136,legacy_export_v3,
L-1000,Emily Gupta,emily.gupta@example.com,512-555-0270,home office,"$5,550",W,02/24/2026,03/14/2026,maria lopez,GoogleAds,ATX,ad,03/14/2026,,"$5,550",,2026-02-28,"called, left vm",,,74770,legacy_export_v3,
L-1147,"Reed, Jessica",jessica.reed@example.com,,  Garage,"$7,050",Closed Lost,Sep 27 2024,2024-10-21,maria lopez,HOUZZ,,web,,went with competitor,7050.00,sent,10/04/2024,,,,78693,legacy_export_v3,
L-1024,john brown,john.brown@example.com,,garage system ,"6,400",Dead,02/12/2025,45716,Pria Shah,HOUZZ,web,,,timing,6400.00,declined,02/16/2025,ready to buy,,High,74029,legacy_export_v3,
L-1351,"Johnson, David",david.johnson@example.com,(213) 555 042,Garage ,6500.00,Closed Lost,02/13/2026,03/17/2026,devon carter,houz,Los Angeles,,,no response,"6,500",sent,2026-02-20,,,High,76472,legacy_export_v3,
L-1183, Grace Okafor ,grace.okafor@example.com ,2135559713,Garage Storage ,$-903,lost,2025-09-08,2025-10-04,Devon Carter,Instagram,,ad,,price,6150,Sent,45911,"called, left vm",,,74451,legacy_export_v3,
L-1311,Linda Mueller,n/a,5125553216,  garage system,"$-1,111",lost,2025-07-10,07/31/2025,  M. Lopez,referral - past client,austin,,,went with competitor,6900.00,Sent,2025-07-18,follow up next week,,med,75012,legacy_export_v3,
L-1121,David Nguyen,david.nguyen@example.com ,(214) 555-994,Walk-in closet ,n/a,Lost,2026-01-26,46068,sam okafor,google ads,Dallas,ad,,budget,13350.00,,01/29/2026,follow up next week,,med,76790,legacy_export_v3,
L-1191,sofia khan,sofia.khan@example.com,(512) 555-738,  Garage,6450.00,Q,2026-04-12,04/25/2026,Maria  Lopez,insta,ATX,,,,6450,,04/16/2026,"called, left vm",,,75964,legacy_export_v3,
L-1344,Mike  Patel,mike.patel@example.com,737-555-0914,garage system,6100.00,L,08/14/2024,09/12/2024,Priya Shah ,Houzz,online,,,went with competitor,"$6,100",sent,2024-08-17,ready to buy,,High,76909,legacy_export_v3,
L-1177,sofia garcia,,2135556739,pantry ,,Lost,2026-01-16,2026-02-15,,Google,Los Angeles,,,price,3150.00,sent,2026-01-23,follow up next week,,,77727,legacy_export_v3,
L-1150,"Nguyen, Raj",,(213) 555-192,pantry,2400.00,Dead,Mar 30 2025,2025-04-27,Devon  Carter,Past Client Referral,LA,,,,2400.00,accepted,2025-04-07,,,,73351,legacy_export_v3,
L-1051,nicole flores,nicole.flores@example.com,(512) 555-353,Home office,5300,Won,2025-02-09,"March 4, 2025",Maria  Lopz,Referral,Austin,referral,2025-03-04,,"$5,300",,02/16/2025,follow up next week,,3,75437,legacy_export_v3,
L-1301, Sofia Khan ,  sofia.khan@example.com,7375559120,walkin,"$11,400",Win,07/23/2025,08/10/2025,Pria Shah,houzz.com,Online,,08/10/2025,,11400.00,accepted,Jul 27 2025,,,,76261,legacy_export_v3,
L-1160,WEI LEE,WEI.LEE@EXAMPLE.COM,214-555-0414,Kitchen Pantry,2250.00,Won,46031,2026-02-02,sam okafor,google ads,DFW,,02/02/2026,,"$2,250",sent,Jan 16 2026,"called, left vm",,High,76870,legacy_export_v3,
L-1057,"Johnson, Fatima",fatima.johnson@example.com,7375553232,pantry,2700,W,2025-08-19,09/12/2025,priya shah,Facebook,Online,,09/12/2025,,2700,,08/22/2025,,,3,76796,legacy_export_v3,
L-1381,brian cohen,  brian.cohen@example.com,213-555-0014,Reach-in closet,"13,300",W,Mar 7 2026,46117,D Carter,Past Client Referral,Los Angeles,referral,04/04/2026,,13300.00,sent,2026-03-14,ready to buy,,,74543,legacy_export_v3,
L-1194,Ashley  Reed,ashley.reed@example.com,(512) 555-243,Reach-in closet ,"$11,100",Win,"December 26, 2024",2025-01-20,Maria Lopez,google ads,austin,,01/20/2025,,"11,100",,12/31/2024,,,,74222,legacy_export_v3,
L-1120,fatima gupta,fatima.gupta@example.com ,2135551770,garage system,6650.00,won,46081,03/24/2026,devon carter,houzz.com,la,,03/24/2026,,6650.00,,2026-03-08,customer comparing quotes,,,76122,legacy_export_v3,
L-1006,"Garcia, Raj",raj.garcia@example.com,(213) 555-163,  Home Office,"$5,350",Dead,03/09/2026,Apr 4 2026,  D Carter,Google,la,,,price,"5,350",sent,03/13/2026,follow up next week,,med,75813,legacy_export_v3,
L-1091,Sofia Khan,sofia.khan@example.com,213-555-0749,walkin,,Lost,46092,46113,D Carter,Google,la,,,went with competitor,"11,850",declined,46097,,,,75913,legacy_export_v3,
L-1189,Wei  Park,wei.park@example.com,2135554617,Kitchen Pantry,"$2,550",W,Jul 21 2024,Aug 13 2024,  Devon Carter,Adwords,,ad,08/13/2024,,2550,,2024-07-25,follow up next week,,,76408,legacy_export_v3,
L-1035,Fatima  Brown,fatima.brown@example.com,(512) 555 443,Garage Storage,7350.00,Won,03/13/2025,"April 12, 2025",maria lopez,houz,Austin,,04/12/2025,,"$7,350",sent,2025-03-17,,,,78692,legacy_export_v3,
L-1360,Wei Garcia,wei.garcia@example.com,512-555-0317,  Office,"5,100",Won,08/05/2025,2025-08-29,Maria  Lopez,Instagram,Austin,ad,2025-08-29,,5100.00,sent,08/09/2025,,,,73977,legacy_export_v3,
L-1085,"Dawson, Jessica",,(512) 555-134,Pantry,2350,Won,"July 20, 2025",08/14/2025,M. Lopez,Adwords,Austin,,08/14/2025,,2350.00,declined,07/25/2025,,,,75020,legacy_export_v3,
L-1208,Tom Torres,tom.torres@example.com,(214) 555 327,garage,"$-1,344",L,2025-08-01,2025-08-27,Sam Okafor,Google Ads,,ad,,budget,,,2025-08-05,"called, left vm",,,74845,legacy_export_v3,
L-1012,Brian Torres,brian.torres@example.com,,Walk-in closet,"$-1,095",L,Nov 25 2025,12/23/2025,Maria Lopz,insta,austin,,,budget,"$13,950",sent,2025-12-02,,,,75031,legacy_export_v3,
L-1371,Emily Walsh,emily.walsh@example.com,(213) 555-507,home office,5800.00,Win,01/03/2025,01/27/2025,devon carter,walk in,Los Angeles,showroom,2025-01-27,,"$5,800",,2025-01-09,follow up next week,,3,76500,legacy_export_v3,
L-1263,"Gupta, Tom",tom.gupta@example.com,7375552456,pantry,0,lost,2026-01-09,2026-01-31,Priya Shah,Houzz.com ,online,web,,went with competitor,"$3,150",Sent,2026-01-13,"called, left vm",,,73467,legacy_export_v3,
L-1198,Chris Cohen,chris.cohen@example.com ,214-555-0010,Walk in Closet,13650,L,11/22/2024,"December 21, 2024",Sam Okafr,Adwords,Dallas,,,went with competitor,"13,650",sent,45627,"called, left vm",,3,77111,legacy_export_v3,
L-1258,Derek Nguyen,derek.nguyen@example.com,,Garage,"$6,700",WON,07/19/2025,Aug 13 2025,devon carter,Adwords,la,ad,08/13/2025,,"$6,700",sent,07/25/2025,follow up next week,,,76201,legacy_export_v3,
L-1140,Nicole Garcia,nicole.garcia@example.com,512-555-0130,Garage Storage,6950,Closed Won,2025-09-11,2025-09-30,Maria   Lopez,houz,austin,web,2025-09-30,,6950,accepted,2025-09-16,follow up next week,,med,77411,legacy_export_v3,
L-1376,Jessica Dawson,jessica.dawson@example.com,2135551920,  WIC,"11,100",Closed Won,Jan 27 2025,Feb 22 2025,devon  carter,Houzz,,web,02/22/2025,,"$11,100",Sent,Feb 1 2025,follow up next week,,,75192,legacy_export_v3,
L-1251, Nicole Gupta ,,2145556173,home office,"$4,950",Lost,2025-11-04,"November 21, 2025",  Sam Okafor,Adwords,Dallas,ad,,no response,"$4,950",accepted,2025-11-11,,,,74865,legacy_export_v3,
L-1214,Brian Dawson,brian.dawson@example.com,,Kitchen Pantry,"$2,750",won,2024-09-11,"October 6, 2024",P. Shah,google ads,,ad,10/06/2024,,"2,750",sent,2024-09-15,,,,76549,legacy_export_v3,
L-1131,Brian Okafor,BRIAN.OKAFOR@EXAMPLE.COM,(737) 555 834,Office,"$5,350",Won,10/09/2025,11/06/2025,P. Shah,Referral Past Client,Online,referral,"November 6, 2025",,5350,sent,2025-10-15,,,3,78529,legacy_export_v3,
L-1380,"Romano, Amanda",  amanda.romano@example.com,(512) 555 543,pantry,2700,Lost,04/08/2026,"April 29, 2026",  M. Lopez,referral - past client,ATX,referral,,,"2,700",,2026-04-13,,,High,75062,legacy_export_v3,
L-1145, David Carter ,DAVID.CARTER@EXAMPLE.COM,,Garage,"$5,650",Q,05/12/2026,2026-05-25,  Sam Okafr,walk in,dallas,showroom,,,5650.00,Sent,05/17/2026,customer comparing quotes,,,76038,legacy_export_v3,
L-1273, Mei Park ,mei.park@example.com ,213-555-0609,Garage ,"$7,650",Won,12/02/2025,2025-12-30,  D Carter,Showroom,la,showroom,2025-12-30,,7650,sent,12/09/2025,follow up next week,,3,75433,legacy_export_v3,
L-1103,"Smith, Carlos",,,Garage,"$6,400",WON,45812,06/29/2025,M. Lopez ,Showroom Walk-in,,,"June 29, 2025",,"$6,400",,"June 7, 2025",ready to buy,,High,74835,legacy_export_v3,
L-1294,Sarah Johnson,SARAH.JOHNSON@EXAMPLE.COM,(737) 555-752,pantry,2500.00,lost,2025-08-16,09/20/2025,Priya Shah,houz,web,,,timing,,,08/24/2025,,,,78481,legacy_export_v3,
L-1211,HANNAH FLORES,hannah.flores@example.com,7375551310,Kitchen Pantry,3300.00,Closed Won,"January 2, 2026",01/25/2026,P. Shah ,Google,online,,2026-01-25,,3300.00,sent,2026-01-05,,,High,74908,legacy_export_v3,
L-1026,Carlos Johnson,  carlos.johnson@example.com,,WIC,"13,350",Closed Won,45971,45999,Maria Lopz,Google Ads,Austin,ad,Dec 7 2025,,"$13,350",Sent,Nov 17 2025,,,High,74898,legacy_export_v3,
L-1157,Hannah Dawson,hannah.dawson@example.com,(512) 555 263,pantry,-,Closed Lost,11/24/2025,2025-12-26,Maria Lopez,Referral Past Client,ATX,referral,,,,,2025-11-28,,,,76265,legacy_export_v3,
L-1039, Chris Hughes ,chris.hughes@example.com,213-555-0428,Home Office,5300.00,WON,11/04/2025,11/23/2025,  devon carter,HOUZZ,Los Angeles,web,2025-11-23,,"5,300",declined,2025-11-10,"called, left vm",,3,75432,legacy_export_v3,
L-1063,Emily Flores,emily.flores@example.com,737-555-0839,Walk-in closet,$-469,Lost,46093,03/31/2026,P. Shah,HOUZZ,web,web,,no response,"$12,250",,03/16/2026,"called, left vm",,High,77482,legacy_export_v3,
L-1250,Linda Nguyen,,214-555-0063,  Walk-in closet,0,L,01/24/2025,"February 12, 2025",sam okafor,Referral Past Client,dallas,,,,"$13,200",accepted,01/28/2025,,,,78561,legacy_export_v3,
L-1240,ashley okafor,  ASHLEY.OKAFOR@EXAMPLE.COM,2145558487,WIC,12600,lost,2025-01-02,01/22/2025,Sam Okafor,Referral,,,,no response,n/a,Sent,45665,,,,77847,legacy_export_v3,
L-1210,Omar Johnson,  omar.johnson@example.com,213-555-0840,  garage,7750.00,Win,May 11 2025,2025-06-02,Devon  Carter,houzz.com,Los Angeles,,06/15/2028,,,,2025-05-16,,,,74201,legacy_export_v3,
L-1117,Derek  Anderson,derek.anderson@example.com,,Reach-in closet,"$13,650",W,08/05/2025,08/30/2025,  Devon  Carter,Referral Past Client,Los Angeles,referral,08/30/2025,,13650,accepted,08/11/2025,"called, left vm",,,75169,legacy_export_v3,
L-1139,Sofia Carter,sofia.carter@example.com,(512) 555 142,Reach-in closet,11600,Win,2024-11-19,2024-12-12,  Maria  Lopez,Google,austin,,2024-12-12,,"11,600",accepted,11/25/2024,customer comparing quotes,,,75853,legacy_export_v3,
L-1325,David Okafor,david.okafor@example.com,2135552559,home office ,5200,Dead,03/19/2025,"April 21, 2025",devon carter,Showroom,LA,showroom,,,"$5,200",sent,Mar 23 2025,,,,77365,legacy_export_v3,
L-1286,John Khan,john.khan@example.com,213-555-0065,Kitchen  Pantry,"2,650",Win,45589,Nov 21 2024,D Carter ,Adwords,,ad,Nov 21 2024,,"2,650",accepted,Oct 31 2024,,,,74460,legacy_export_v3,
L-1102,omar khan,omar.khan@example.com,(512) 555-930,Home office,"5,550",W,2025-05-04,05/28/2025,M. Lopez,GoogleAds,Austin,ad,05/28/2025,,5550.00,sent,"May 7, 2025",,,,77037,legacy_export_v3,
L-1007,Linda Cohen,linda.cohen@example.com ,,home office,4600.00,Win,03/03/2025,45744,devon carter,REFERRAL,la,,03/27/2025,,"$4,600",sent,45727,follow up next week,,,76127,legacy_export_v3,
L-1161,"Smith, Mike",mike.smith@example.com,512-555-0437,WIC,11900.00,Consultation,05/11/2026,05/14/2026,M. Lopez ,Google,austin,ad,,,,,May 14 2026,follow up next week,,,74235,legacy_export_v3,
